gauge_id,benchmark_catch,surfacewater_abs,groundwater_abs,discharges,abs_agriculture_perc,abs_amenities_perc,abs_energy_perc,abs_environmental_perc,abs_industry_perc,abs_watersupply_perc,abs_highloss_perc,abs_mediumloss_perc,abs_lowloss_perc,abs_verylowloss_perc,num_reservoir,reservoir_cap,reservoir_contributing_area,reservoir_normalised_upstream_capacity,reservoir_he,reservoir_nav,reservoir_drain,reservoir_wr,reservoir_fs,reservoir_env,reservoir_nousedata,reservoir_year_first,reservoir_year_last
10002,N,NaN,NaN,NaN,NaN,NaN,NaN,NaN,NaN,NaN,NaN,NaN,NaN,NaN,0,0,NaN,NaN,NaN,NaN,NaN,NaN,NaN,NaN,NaN,NaN,NaN
10003,N,NaN,NaN,NaN,NaN,NaN,NaN,NaN,NaN,NaN,NaN,NaN,NaN,NaN,0,0,NaN,NaN,NaN,NaN,NaN,NaN,NaN,NaN,NaN,NaN,NaN
1001,N,NaN,NaN,NaN,NaN,NaN,NaN,NaN,NaN,NaN,NaN,NaN,NaN,NaN,1,11500,36.37,0.08,0.00,0.00,0.00,0.00,0.00,0.00,100.00,NaN,NaN
101002,N,0.008,0.041,0.012,16.22,0.00,0.00,0.00,10.78,73.00,15.75,35.86,10.77,37.61,0,0,NaN,NaN,NaN,NaN,NaN,NaN,NaN,NaN,NaN,NaN,NaN
101005,N,0.001,0.015,0.046,10.87,0.00,0.00,0.00,0.09,89.04,10.18,13.07,0.00,76.75,0,0,NaN,NaN,NaN,NaN,NaN,NaN,NaN,NaN,NaN,NaN,NaN
102001,Y,0.000,0.000,0.000,NaN,NaN,NaN,NaN,NaN,NaN,NaN,NaN,NaN,NaN,0,0,NaN,NaN,NaN,NaN,NaN,NaN,NaN,NaN,NaN,NaN,NaN
106001,N,NaN,NaN,NaN,NaN,NaN,NaN,NaN,NaN,NaN,NaN,NaN,NaN,NaN,0,0,NaN,NaN,NaN,NaN,NaN,NaN,NaN,NaN,NaN,NaN,NaN
107001,N,NaN,NaN,NaN,NaN,NaN,NaN,NaN,NaN,NaN,NaN,NaN,NaN,NaN,0,0,NaN,NaN,NaN,NaN,NaN,NaN,NaN,NaN,NaN,NaN,NaN
11001,N,NaN,NaN,NaN,NaN,NaN,NaN,NaN,NaN,NaN,NaN,NaN,NaN,NaN,0,0,NaN,NaN,NaN,NaN,NaN,NaN,NaN,NaN,NaN,NaN,NaN
11003,N,NaN,NaN,NaN,NaN,NaN,NaN,NaN,NaN,NaN,NaN,NaN,NaN,NaN,0,0,NaN,NaN,NaN,NaN,NaN,NaN,NaN,NaN,NaN,NaN,NaN
11004,Y,NaN,NaN,NaN,NaN,NaN,NaN,NaN,NaN,NaN,NaN,NaN,NaN,NaN,0,0,NaN,NaN,NaN,NaN,NaN,NaN,NaN,NaN,NaN,NaN,NaN
12001,Y,NaN,NaN,NaN,NaN,NaN,NaN,NaN,NaN,NaN,NaN,NaN,NaN,NaN,0,0,NaN,NaN,NaN,NaN,NaN,NaN,NaN,NaN,NaN,NaN,NaN
12002,N,NaN,NaN,NaN,NaN,NaN,NaN,NaN,NaN,NaN,NaN,NaN,NaN,NaN,0,0,NaN,NaN,NaN,NaN,NaN,NaN,NaN,NaN,NaN,NaN,NaN
12005,Y,NaN,NaN,NaN,NaN,NaN,NaN,NaN,NaN,NaN,NaN,NaN,NaN,NaN,0,0,NaN,NaN,NaN,NaN,NaN,NaN,NaN,NaN,NaN,NaN,NaN
12006,N,NaN,NaN,NaN,NaN,NaN,NaN,NaN,NaN,NaN,NaN,NaN,NaN,NaN,0,0,NaN,NaN,NaN,NaN,NaN,NaN,NaN,NaN,NaN,NaN,NaN
12007,N,NaN,NaN,NaN,NaN,NaN,NaN,NaN,NaN,NaN,NaN,NaN,NaN,NaN,0,0,NaN,NaN,NaN,NaN,NaN,NaN,NaN,NaN,NaN,NaN,NaN
12008,N,NaN,NaN,NaN,NaN,NaN,NaN,NaN,NaN,NaN,NaN,NaN,NaN,NaN,0,0,NaN,NaN,NaN,NaN,NaN,NaN,NaN,NaN,NaN,NaN,NaN
12009,N,NaN,NaN,NaN,NaN,NaN,NaN,NaN,NaN,NaN,NaN,NaN,NaN,NaN,0,0,NaN,NaN,NaN,NaN,NaN,NaN,NaN,NaN,NaN,NaN,NaN
13001,N,NaN,NaN,NaN,NaN,NaN,NaN,NaN,NaN,NaN,NaN,NaN,NaN,NaN,0,0,NaN,NaN,NaN,NaN,NaN,NaN,NaN,NaN,NaN,NaN,NaN
13004,Y,NaN,NaN,NaN,NaN,NaN,NaN,NaN,NaN,NaN,NaN,NaN,NaN,NaN,0,0,NaN,NaN,NaN,NaN,NaN,NaN,NaN,NaN,NaN,NaN,NaN
13005,N,NaN,NaN,NaN,NaN,NaN,NaN,NaN,NaN,NaN,NaN,NaN,NaN,NaN,0,0,NaN,NaN,NaN,NaN,NaN,NaN,NaN,NaN,NaN,NaN,NaN
13007,N,NaN,NaN,NaN,NaN,NaN,NaN,NaN,NaN,NaN,NaN,NaN,NaN,NaN,1,2250,7.90,0.00,0.00,0.00,0.00,0.00,0.00,0.00,100.00,NaN,NaN
13008,N,NaN,NaN,NaN,NaN,NaN,NaN,NaN,NaN,NaN,NaN,NaN,NaN,NaN,0,0,NaN,NaN,NaN,NaN,NaN,NaN,NaN,NaN,NaN,NaN,NaN
14001,N,NaN,NaN,NaN,NaN,NaN,NaN,NaN,NaN,NaN,NaN,NaN,NaN,NaN,0,0,NaN,NaN,NaN,NaN,NaN,NaN,NaN,NaN,NaN,NaN,NaN
14002,N,NaN,NaN,NaN,NaN,NaN,NaN,NaN,NaN,NaN,NaN,NaN,NaN,NaN,0,0,NaN,NaN,NaN,NaN,NaN,NaN,NaN,NaN,NaN,NaN,NaN
14005,N,NaN,NaN,NaN,NaN,NaN,NaN,NaN,NaN,NaN,NaN,NaN,NaN,NaN,0,0,NaN,NaN,NaN,NaN,NaN,NaN,NaN,NaN,NaN,NaN,NaN
15006,N,NaN,NaN,NaN,NaN,NaN,NaN,NaN,NaN,NaN,NaN,NaN,NaN,NaN,16,571555,39.54,0.08,72.73,0.00,0.00,4.37,0.00,0.00,22.90,1950,1969
15007,N,NaN,NaN,NaN,NaN,NaN,NaN,NaN,NaN,NaN,NaN,NaN,NaN,NaN,5,148840,9.24,0.06,93.45,0.00,0.00,0.00,0.00,0.00,6.55,1958,1959
15010,N,NaN,NaN,NaN,NaN,NaN,NaN,NaN,NaN,NaN,NaN,NaN,NaN,NaN,2,38838,14.97,0.10,0.00,0.00,0.00,64.37,0.00,0.00,35.63,1969,1969
15011,N,NaN,NaN,NaN,NaN,NaN,NaN,NaN,NaN,NaN,NaN,NaN,NaN,NaN,2,126040,25.07,0.15,100.00,0.00,0.00,0.00,0.00,0.00,0.00,1958,1959
15012,N,NaN,NaN,NaN,NaN,NaN,NaN,NaN,NaN,NaN,NaN,NaN,NaN,NaN,8,381880,98.10,0.14,72.43,0.00,0.00,0.00,0.00,0.00,27.57,1950,1962
15013,N,NaN,NaN,NaN,NaN,NaN,NaN,NaN,NaN,NaN,NaN,NaN,NaN,NaN,0,0,NaN,NaN,NaN,NaN,NaN,NaN,NaN,NaN,NaN,NaN,NaN
15014,N,NaN,NaN,NaN,NaN,NaN,NaN,NaN,NaN,NaN,NaN,NaN,NaN,NaN,0,0,NaN,NaN,NaN,NaN,NaN,NaN,NaN,NaN,NaN,NaN,NaN
15016,N,NaN,NaN,NaN,NaN,NaN,NaN,NaN,NaN,NaN,NaN,NaN,NaN,NaN,2,19800,0.72,0.01,65.91,0.00,0.00,0.00,0.00,0.00,34.09,1958,1958
15021,N,NaN,NaN,NaN,NaN,NaN,NaN,NaN,NaN,NaN,NaN,NaN,NaN,NaN,0,0,NaN,NaN,NaN,NaN,NaN,NaN,NaN,NaN,NaN,NaN,NaN
15023,Y,NaN,NaN,NaN,NaN,NaN,NaN,NaN,NaN,NaN,NaN,NaN,NaN,NaN,0,0,NaN,NaN,NaN,NaN,NaN,NaN,NaN,NaN,NaN,NaN,NaN
15024,N,NaN,NaN,NaN,NaN,NaN,NaN,NaN,NaN,NaN,NaN,NaN,NaN,NaN,0,0,NaN,NaN,NaN,NaN,NaN,NaN,NaN,NaN,NaN,NaN,NaN
15025,Y,NaN,NaN,NaN,NaN,NaN,NaN,NaN,NaN,NaN,NaN,NaN,NaN,NaN,0,0,NaN,NaN,NaN,NaN,NaN,NaN,NaN,NaN,NaN,NaN,NaN
15030,N,NaN,NaN,NaN,NaN,NaN,NaN,NaN,NaN,NaN,NaN,NaN,NaN,NaN,0,0,NaN,NaN,NaN,NaN,NaN,NaN,NaN,NaN,NaN,NaN,NaN
15039,N,NaN,NaN,NaN,NaN,NaN,NaN,NaN,NaN,NaN,NaN,NaN,NaN,NaN,0,0,NaN,NaN,NaN,NaN,NaN,NaN,NaN,NaN,NaN,NaN,NaN
16001,N,NaN,NaN,NaN,NaN,NaN,NaN,NaN,NaN,NaN,NaN,NaN,NaN,NaN,3,82300,30.02,0.08,78.01,0.00,0.00,21.99,0.00,0.00,0.00,1958,1964
16003,Y,NaN,NaN,NaN,NaN,NaN,NaN,NaN,NaN,NaN,NaN,NaN,NaN,NaN,0,0,NaN,NaN,NaN,NaN,NaN,NaN,NaN,NaN,NaN,NaN,NaN
16004,N,NaN,NaN,NaN,NaN,NaN,NaN,NaN,NaN,NaN,NaN,NaN,NaN,NaN,3,82300,22.58,0.07,78.01,0.00,0.00,21.99,0.00,0.00,0.00,1958,1964
17001,N,NaN,NaN,NaN,NaN,NaN,NaN,NaN,NaN,NaN,NaN,NaN,NaN,NaN,2,25170,10.14,0.09,0.00,0.00,0.00,84.94,0.00,0.00,15.06,1938,1938
17003,N,NaN,NaN,NaN,NaN,NaN,NaN,NaN,NaN,NaN,NaN,NaN,NaN,NaN,0,0,NaN,NaN,NaN,NaN,NaN,NaN,NaN,NaN,NaN,NaN,NaN
17004,N,NaN,NaN,NaN,NaN,NaN,NaN,NaN,NaN,NaN,NaN,NaN,NaN,NaN,0,0,NaN,NaN,NaN,NaN,NaN,NaN,NaN,NaN,NaN,NaN,NaN
17005,Y,NaN,NaN,NaN,NaN,NaN,NaN,NaN,NaN,NaN,NaN,NaN,NaN,NaN,0,0,NaN,NaN,NaN,NaN,NaN,NaN,NaN,NaN,NaN,NaN,NaN
17015,N,NaN,NaN,NaN,NaN,NaN,NaN,NaN,NaN,NaN,NaN,NaN,NaN,NaN,0,0,NaN,NaN,NaN,NaN,NaN,NaN,NaN,NaN,NaN,NaN,NaN
17018,N,NaN,NaN,NaN,NaN,NaN,NaN,NaN,NaN,NaN,NaN,NaN,NaN,NaN,0,0,NaN,NaN,NaN,NaN,NaN,NaN,NaN,NaN,NaN,NaN,NaN
18001,Y,NaN,NaN,NaN,NaN,NaN,NaN,NaN,NaN,NaN,NaN,NaN,NaN,NaN,0,0,NaN,NaN,NaN,NaN,NaN,NaN,NaN,NaN,NaN,NaN,NaN
18002,N,NaN,NaN,NaN,NaN,NaN,NaN,NaN,NaN,NaN,NaN,NaN,NaN,NaN,3,12324,34.69,0.05,0.00,0.00,0.00,0.00,0.00,0.00,100.00,NaN,NaN
18003,N,NaN,NaN,NaN,NaN,NaN,NaN,NaN,NaN,NaN,NaN,NaN,NaN,NaN,4,9.893607e+04,37.50,0.09,0.00,0.00,0.00,100.00,0.00,0.00,0.00,1857,1965
18008,N,NaN,NaN,NaN,NaN,NaN,NaN,NaN,NaN,NaN,NaN,NaN,NaN,NaN,0,0,NaN,NaN,NaN,NaN,NaN,NaN,NaN,NaN,NaN,NaN,NaN
18010,N,NaN,NaN,NaN,NaN,NaN,NaN,NaN,NaN,NaN,NaN,NaN,NaN,NaN,0,0,NaN,NaN,NaN,NaN,NaN,NaN,NaN,NaN,NaN,NaN,NaN
18011,Y,NaN,NaN,NaN,NaN,NaN,NaN,NaN,NaN,NaN,NaN,NaN,NaN,NaN,4,9.893607e+04,NaN,NaN,0.00,0.00,0.00,100.00,0.00,0.00,0.00,1857,1965
18014,N,NaN,NaN,NaN,NaN,NaN,NaN,NaN,NaN,NaN,NaN,NaN,NaN,NaN,0,0,3.21,0.11,NaN,NaN,NaN,NaN,NaN,NaN,NaN,NaN,NaN
18017,N,NaN,NaN,NaN,NaN,NaN,NaN,NaN,NaN,NaN,NaN,NaN,NaN,NaN,0,0,NaN,NaN,NaN,NaN,NaN,NaN,NaN,NaN,NaN,NaN,NaN
18018,N,NaN,NaN,NaN,NaN,NaN,NaN,NaN,NaN,NaN,NaN,NaN,NaN,NaN,0,0,NaN,NaN,NaN,NaN,NaN,NaN,NaN,NaN,NaN,NaN,NaN
19001,N,0.000,0.000,0.000,NaN,NaN,NaN,NaN,NaN,NaN,NaN,NaN,NaN,NaN,1,3.801620e+03,1.79,0.01,0.00,0.00,0.00,0.00,0.00,0.00,100.00,NaN,NaN
19006,N,0.000,0.000,0.000,NaN,NaN,NaN,NaN,NaN,NaN,NaN,NaN,NaN,NaN,1,4087,16.77,0.04,0.00,0.00,0.00,0.00,0.00,0.00,100.00,NaN,NaN
19010,N,NaN,NaN,NaN,NaN,NaN,NaN,NaN,NaN,NaN,NaN,NaN,NaN,NaN,0,0,NaN,NaN,NaN,NaN,NaN,NaN,NaN,NaN,NaN,NaN,NaN
19017,N,NaN,NaN,NaN,NaN,NaN,NaN,NaN,NaN,NaN,NaN,NaN,NaN,NaN,0,0,NaN,NaN,NaN,NaN,NaN,NaN,NaN,NaN,NaN,NaN,NaN
19020,N,NaN,NaN,NaN,NaN,NaN,NaN,NaN,NaN,NaN,NaN,NaN,NaN,NaN,0,0,NaN,NaN,NaN,NaN,NaN,NaN,NaN,NaN,NaN,NaN,NaN
20002,N,NaN,NaN,NaN,NaN,NaN,NaN,NaN,NaN,NaN,NaN,NaN,NaN,NaN,0,0,NaN,NaN,NaN,NaN,NaN,NaN,NaN,NaN,NaN,NaN,NaN
20003,N,0.000,0.000,0.000,NaN,NaN,NaN,NaN,NaN,NaN,NaN,NaN,NaN,NaN,0,0,NaN,NaN,NaN,NaN,NaN,NaN,NaN,NaN,NaN,NaN,NaN
20007,Y,NaN,NaN,NaN,NaN,NaN,NaN,NaN,NaN,NaN,NaN,NaN,NaN,NaN,1,1418,5.37,0.03,0.00,0.00,0.00,100.00,0.00,0.00,0.00,1933,1933
2001,N,NaN,NaN,NaN,NaN,NaN,NaN,NaN,NaN,NaN,NaN,NaN,NaN,NaN,1,34000,24.62,0.05,0.00,0.00,0.00,0.00,0.00,0.00,100.00,NaN,NaN
2002,Y,NaN,NaN,NaN,NaN,NaN,NaN,NaN,NaN,NaN,NaN,NaN,NaN,NaN,0,0,NaN,NaN,NaN,NaN,NaN,NaN,NaN,NaN,NaN,NaN,NaN
21003,N,0.000,0.000,0.000,NaN,NaN,NaN,NaN,NaN,NaN,NaN,NaN,NaN,NaN,4,2.956316e+04,7.87,0.03,0.00,0.00,0.00,100.00,0.00,0.00,0.00,1828,1969
21006,Y,0.000,0.000,0.000,NaN,NaN,NaN,NaN,NaN,NaN,NaN,NaN,NaN,NaN,6,9.615316e+04,10.22,0.05,0.00,0.00,0.00,96.89,0.00,0.00,3.11,1828,1983
21008,N,0.000,0.000,0.000,NaN,NaN,NaN,NaN,NaN,NaN,NaN,NaN,NaN,NaN,1,2.163944e+03,2.04,0.00,0.00,0.00,0.00,0.00,0.00,0.00,100.00,NaN,NaN
21009,N,0.000,0.000,0.000,NaN,NaN,NaN,NaN,NaN,NaN,NaN,NaN,NaN,NaN,7,9.831710e+04,4.02,0.02,0.00,0.00,0.00,94.76,0.00,0.00,5.24,1828,1983
21011,N,0.000,0.000,0.000,NaN,NaN,NaN,NaN,NaN,NaN,NaN,NaN,NaN,NaN,2,66590,42.54,0.20,0.00,0.00,0.00,95.51,0.00,0.00,4.49,1983,1983
21012,N,0.000,0.000,0.000,NaN,NaN,NaN,NaN,NaN,NaN,NaN,NaN,NaN,NaN,0,0,NaN,NaN,NaN,NaN,NaN,NaN,NaN,NaN,NaN,NaN,NaN
21013,N,0.000,0.000,0.000,NaN,NaN,NaN,NaN,NaN,NaN,NaN,NaN,NaN,NaN,0,0,NaN,NaN,NaN,NaN,NaN,NaN,NaN,NaN,NaN,NaN,NaN
21015,N,0.000,0.000,0.000,NaN,NaN,NaN,NaN,NaN,NaN,NaN,NaN,NaN,NaN,0,0,NaN,NaN,NaN,NaN,NaN,NaN,NaN,NaN,NaN,NaN,NaN
21016,N,0.000,0.000,0.000,NaN,NaN,NaN,NaN,NaN,NaN,NaN,NaN,NaN,NaN,0,0,NaN,NaN,NaN,NaN,NaN,NaN,NaN,NaN,NaN,NaN,NaN
21017,Y,0.000,0.000,0.000,NaN,NaN,NaN,NaN,NaN,NaN,NaN,NaN,NaN,NaN,0,0,NaN,NaN,NaN,NaN,NaN,NaN,NaN,NaN,NaN,NaN,NaN
21018,N,0.000,0.000,0.000,NaN,NaN,NaN,NaN,NaN,NaN,NaN,NaN,NaN,NaN,2,5650,5.26,0.01,0.00,0.00,0.00,100.00,0.00,0.00,0.00,1828,1969
21022,N,0.000,0.000,0.000,NaN,NaN,NaN,NaN,NaN,NaN,NaN,NaN,NaN,NaN,2,9991,10.95,0.02,0.00,0.00,0.00,79.62,0.00,0.00,20.38,1968,1968
21023,Y,0.000,0.000,0.000,NaN,NaN,NaN,NaN,NaN,NaN,NaN,NaN,NaN,NaN,0,0,NaN,NaN,NaN,NaN,NaN,NaN,NaN,NaN,NaN,NaN,NaN
21024,Y,0.000,0.000,0.000,NaN,NaN,NaN,NaN,NaN,NaN,NaN,NaN,NaN,NaN,0,0,NaN,NaN,NaN,NaN,NaN,NaN,NaN,NaN,NaN,NaN,NaN
21026,N,0.000,0.000,0.000,NaN,NaN,NaN,NaN,NaN,NaN,NaN,NaN,NaN,NaN,0,0,NaN,NaN,NaN,NaN,NaN,NaN,NaN,NaN,NaN,NaN,NaN
21027,N,0.000,0.000,0.000,NaN,NaN,NaN,NaN,NaN,NaN,NaN,NaN,NaN,NaN,0,0,NaN,NaN,NaN,NaN,NaN,NaN,NaN,NaN,NaN,NaN,NaN
22001,Y,0.000,0.006,0.003,3.02,0.23,0.04,22.85,0.66,73.20,0.93,73.49,0.11,25.47,0,0,NaN,NaN,NaN,NaN,NaN,NaN,NaN,NaN,NaN,NaN,NaN
22006,N,0.065,0.000,0.006,0.04,0.00,0.00,0.02,0.01,99.93,0.01,99.99,0.00,0.00,0,0,NaN,NaN,NaN,NaN,NaN,NaN,NaN,NaN,NaN,NaN,NaN
22007,N,0.066,0.000,0.000,0.00,0.00,0.00,0.00,0.50,99.50,0.00,100.00,0.00,0.00,1,3279,10.74,0.01,0.00,0.00,0.00,100.00,0.00,0.00,0.00,1903,1903
22009,N,0.000,0.008,0.000,0.00,0.00,0.00,0.00,0.16,99.84,0.00,99.84,0.16,0.00,0,0,NaN,NaN,NaN,NaN,NaN,NaN,NaN,NaN,NaN,NaN,NaN
23001,N,0.065,0.001,0.006,7.11,0.00,4.92,0.00,1.25,86.72,0.13,62.66,0.68,36.53,7,2.255327e+05,11.82,0.10,0.00,0.00,0.00,98.69,0.00,1.31,0.00,1872,1981
23004,Y,0.015,0.001,0.005,33.11,0.00,59.01,0.00,0.00,7.88,0.00,7.88,0.00,92.12,0,0,NaN,NaN,NaN,NaN,NaN,NaN,NaN,NaN,NaN,NaN,NaN
23006,N,0.031,0.001,0.006,39.09,0.00,57.95,0.00,0.00,2.96,0.00,2.96,0.00,97.04,0,0,NaN,NaN,NaN,NaN,NaN,NaN,NaN,NaN,NaN,NaN,NaN
23007,N,0.739,0.000,0.037,0.00,0.00,0.00,0.00,0.06,99.94,0.00,95.41,0.06,4.53,1,50060,35.37,0.23,0.00,0.00,0.00,100.00,0.00,0.00,0.00,1966,1966
23008,N,0.051,0.000,0.001,0.00,0.00,0.00,0.00,0.00,100.00,0.00,100.00,0.00,0.00,1,10500,11.94,0.03,0.00,0.00,0.00,100.00,0.00,0.00,0.00,1905,1905
23011,N,0.000,0.000,0.000,NaN,NaN,NaN,NaN,NaN,NaN,NaN,NaN,NaN,NaN,0,0,NaN,NaN,NaN,NaN,NaN,NaN,NaN,NaN,NaN,NaN,NaN
23016,N,0.000,0.000,0.000,NaN,NaN,NaN,NaN,NaN,NaN,NaN,NaN,NaN,NaN,0,0,NaN,NaN,NaN,NaN,NaN,NaN,NaN,NaN,NaN,NaN,NaN
24001,N,0.051,0.000,0.034,0.03,0.02,0.00,0.00,1.06,98.88,0.04,97.63,0.92,1.41,3,1.084468e+04,6.78,0.02,0.00,0.00,0.00,100.00,0.00,0.00,0.00,1877,1937
24003,N,0.060,0.000,0.009,0.00,0.00,0.00,0.00,1.75,98.25,0.03,96.46,1.30,2.21,1,6.438182e+03,10.84,0.03,0.00,0.00,0.00,100.00,0.00,0.00,0.00,1937,1937
24004,Y,0.000,0.000,0.000,NaN,NaN,NaN,NaN,NaN,NaN,NaN,NaN,NaN,NaN,0,0,NaN,NaN,NaN,NaN,NaN,NaN,NaN,NaN,NaN,NaN,NaN
24005,N,0.000,0.000,0.054,NaN,NaN,NaN,NaN,NaN,NaN,NaN,NaN,NaN,NaN,0,0,NaN,NaN,NaN,NaN,NaN,NaN,NaN,NaN,NaN,NaN,NaN
25001,N,0.273,0.006,0.013,0.03,0.00,1.29,0.00,0.00,98.68,0.02,98.69,0.00,1.29,6,87922,21.42,0.09,0.00,0.00,0.00,100.00,0.00,0.00,0.00,1894,1970
25003,Y,0.000,0.000,0.000,NaN,NaN,NaN,NaN,NaN,NaN,NaN,NaN,NaN,NaN,0,0,NaN,NaN,NaN,NaN,NaN,NaN,NaN,NaN,NaN,NaN,NaN
25006,Y,0.000,0.000,0.000,NaN,NaN,NaN,NaN,NaN,NaN,NaN,NaN,NaN,NaN,0,0,NaN,NaN,NaN,NaN,NaN,NaN,NaN,NaN,NaN,NaN,NaN
25012,N,0.000,0.000,0.059,NaN,NaN,NaN,NaN,NaN,NaN,NaN,NaN,NaN,NaN,0,0,NaN,NaN,NaN,NaN,NaN,NaN,NaN,NaN,NaN,NaN,NaN
25020,N,0.006,0.004,0.044,35.60,1.00,0.00,0.00,3.98,59.43,0.21,59.43,3.98,36.39,0,0,NaN,NaN,NaN,NaN,NaN,NaN,NaN,NaN,NaN,NaN,NaN
25021,N,0.012,0.001,0.074,0.00,0.00,0.00,0.00,6.27,93.73,0.00,93.73,6.27,0.00,0,0,NaN,NaN,NaN,NaN,NaN,NaN,NaN,NaN,NaN,NaN,NaN
25029,N,0.000,0.000,0.029,NaN,NaN,NaN,NaN,NaN,NaN,NaN,NaN,NaN,NaN,0,0,NaN,NaN,NaN,NaN,NaN,NaN,NaN,NaN,NaN,NaN,NaN
26003,Y,0.000,0.028,0.005,3.60,0.00,0.00,0.00,0.00,96.40,3.36,96.64,0.00,0.00,0,0,NaN,NaN,NaN,NaN,NaN,NaN,NaN,NaN,NaN,NaN,NaN
26005,N,0.000,0.002,0.005,100.00,0.00,0.00,0.00,0.00,0.00,95.45,4.55,0.00,0.00,0,0,NaN,NaN,NaN,NaN,NaN,NaN,NaN,NaN,NaN,NaN,NaN
26006,N,0.000,0.002,0.000,100.00,0.00,0.00,0.00,0.00,0.00,100.00,0.00,0.00,0.00,0,0,NaN,NaN,NaN,NaN,NaN,NaN,NaN,NaN,NaN,NaN,NaN
26008,N,0.001,0.012,0.000,4.00,0.00,0.00,0.00,0.24,95.76,4.24,95.76,0.00,0.00,0,0,NaN,NaN,NaN,NaN,NaN,NaN,NaN,NaN,NaN,NaN,NaN
26009,N,0.486,0.005,0.040,99.99,0.00,0.00,0.00,0.01,0.00,0.24,0.55,0.00,99.21,0,0,NaN,NaN,NaN,NaN,NaN,NaN,NaN,NaN,NaN,NaN,NaN
27001,N,0.269,0.009,0.044,24.05,0.00,1.37,0.00,0.29,74.30,0.30,74.50,0.09,25.11,3,2.061679e+04,23.44,0.04,0.00,0.00,0.00,100.00,0.00,0.00,0.00,1901,1936
27002,N,0.410,0.008,0.046,8.29,0.00,36.53,0.00,1.30,53.88,0.09,55.26,0.01,44.65,8,51588,16.06,0.06,0.00,0.00,0.00,100.00,0.00,0.00,0.00,1864,1966
27003,N,0.177,0.007,0.341,1.11,0.09,36.70,0.12,11.50,50.48,0.98,59.93,34.68,4.41,9,22154,2.83,0.01,0.00,8.00,0.00,92.00,0.00,0.00,0.00,1794,1969
27006,N,0.411,0.003,0.080,0.00,0.00,6.50,0.00,18.86,74.64,0.07,83.07,8.26,8.59,10,3.919727e+04,31.86,0.10,0.00,0.00,0.00,100.00,0.00,0.00,0.00,1867,1975
27007,N,0.173,0.006,0.008,2.33,0.00,69.69,0.02,1.12,26.84,0.17,27.03,0.95,71.85,2,7283,2.48,0.01,0.00,0.00,0.00,100.00,0.00,0.00,0.00,1910,1926
27009,N,0.123,0.013,0.014,9.41,0.01,34.36,0.01,2.66,53.55,0.61,53.88,2.00,43.51,5,2.789979e+04,4.16,0.01,0.00,0.00,0.00,100.00,0.00,0.00,0.00,1901,1936
27021,N,0.128,0.008,0.265,0.42,0.23,5.79,0.53,26.86,66.16,2.77,75.45,12.86,8.91,10,3.919727e+04,9.22,0.04,0.00,0.00,0.00,100.00,0.00,0.00,0.00,1867,1975
27023,N,0.001,0.002,0.123,7.22,0.00,0.00,0.00,92.78,0.00,17.27,73.29,9.45,0.00,0,0,NaN,NaN,NaN,NaN,NaN,NaN,NaN,NaN,NaN,NaN,NaN
27025,N,0.012,0.000,0.194,12.73,5.55,0.00,20.65,61.07,0.00,17.87,29.55,12.69,39.89,0,0,NaN,NaN,NaN,NaN,NaN,NaN,NaN,NaN,NaN,NaN,NaN
27026,N,0.016,0.000,0.067,20.25,0.00,0.00,32.86,46.89,0.00,0.93,46.93,0.01,52.14,0,0,NaN,NaN,NaN,NaN,NaN,NaN,NaN,NaN,NaN,NaN,NaN
27029,N,0.288,0.001,0.152,1.08,0.04,0.99,0.00,1.94,95.95,0.34,97.26,0.15,2.26,4,16039,4.17,0.03,0.00,0.00,0.00,100.00,0.00,0.00,0.00,1878,1969
27030,N,0.002,0.006,0.193,4.89,5.48,1.67,1.34,86.62,0.00,65.72,10.92,5.61,17.75,0,0,NaN,NaN,NaN,NaN,NaN,NaN,NaN,NaN,NaN,NaN,NaN
27032,N,0.000,0.000,0.000,NaN,NaN,NaN,NaN,NaN,NaN,NaN,NaN,NaN,NaN,0,0,NaN,NaN,NaN,NaN,NaN,NaN,NaN,NaN,NaN,NaN,NaN
27034,N,0.049,0.003,0.002,0.50,0.00,60.68,0.00,0.16,38.66,0.04,38.83,0.00,61.13,0,0,NaN,NaN,NaN,NaN,NaN,NaN,NaN,NaN,NaN,NaN,NaN
27035,Y,0.035,0.003,0.024,23.53,0.13,24.69,0.00,8.64,43.00,0.59,44.54,6.79,48.07,0,0,NaN,NaN,NaN,NaN,NaN,NaN,NaN,NaN,NaN,NaN,NaN
27038,N,0.935,0.583,0.000,61.59,0.00,0.00,0.00,0.00,38.41,0.00,38.41,0.00,61.59,0,0,NaN,NaN,NaN,NaN,NaN,NaN,NaN,NaN,NaN,NaN,NaN
27041,N,0.047,0.054,0.014,58.18,0.15,14.55,0.00,2.42,24.71,0.89,27.06,0.08,71.97,0,0,NaN,NaN,NaN,NaN,NaN,NaN,NaN,NaN,NaN,NaN,NaN
27042,Y,0.010,0.010,0.001,98.52,0.00,0.00,0.00,0.15,1.32,0.00,1.77,0.00,98.23,0,0,NaN,NaN,NaN,NaN,NaN,NaN,NaN,NaN,NaN,NaN,NaN
27043,N,0.213,0.010,0.009,10.09,0.00,0.38,0.00,0.15,89.39,0.00,89.47,0.00,10.53,3,26552,7.62,0.04,0.00,0.00,0.00,100.00,0.00,0.00,0.00,1864,1873
27047,Y,0.000,0.000,0.000,NaN,NaN,NaN,NaN,NaN,NaN,NaN,NaN,NaN,NaN,0,0,NaN,NaN,NaN,NaN,NaN,NaN,NaN,NaN,NaN,NaN,NaN
27049,N,0.000,0.000,0.002,NaN,NaN,NaN,NaN,NaN,NaN,NaN,NaN,NaN,NaN,0,0,NaN,NaN,NaN,NaN,NaN,NaN,NaN,NaN,NaN,NaN,NaN
27051,Y,0.000,0.000,0.004,NaN,NaN,NaN,NaN,NaN,NaN,NaN,NaN,NaN,NaN,0,0,NaN,NaN,NaN,NaN,NaN,NaN,NaN,NaN,NaN,NaN,NaN
27062,N,0.254,0.010,0.043,24.27,0.00,1.36,0.00,0.29,74.08,0.58,74.28,0.09,25.05,3,2.061679e+04,22.05,0.04,0.00,0.00,0.00,100.00,0.00,0.00,0.00,1901,1936
27064,N,0.000,0.000,0.045,NaN,NaN,NaN,NaN,NaN,NaN,NaN,NaN,NaN,NaN,0,0,NaN,NaN,NaN,NaN,NaN,NaN,NaN,NaN,NaN,NaN,NaN
27065,N,0.398,0.003,0.084,0.00,0.00,17.54,0.00,2.46,79.99,0.17,82.28,0.00,17.54,1,3260,9.36,0.03,0.00,0.00,0.00,100.00,0.00,0.00,0.00,1954,1954
27071,Y,0.004,0.020,0.011,11.55,0.14,0.15,0.00,29.26,58.90,3.00,60.34,22.21,14.45,0,0,NaN,NaN,NaN,NaN,NaN,NaN,NaN,NaN,NaN,NaN,NaN
27073,Y,0.001,0.000,0.000,100.00,0.00,0.00,0.00,0.00,0.00,100.00,0.00,0.00,0.00,0,0,NaN,NaN,NaN,NaN,NaN,NaN,NaN,NaN,NaN,NaN,NaN
27077,N,0.000,0.018,0.000,0.00,0.00,0.00,0.00,100.00,0.00,9.73,81.06,9.21,0.00,0,0,NaN,NaN,NaN,NaN,NaN,NaN,NaN,NaN,NaN,NaN,NaN
27079,N,0.209,0.005,0.250,0.54,0.02,15.74,0.00,11.86,71.84,0.37,78.02,16.92,4.69,6,21072,4.06,0.02,0.00,8.41,0.00,91.59,0.00,0.00,0.00,1794,1969
27080,N,0.047,0.008,0.376,5.53,0.62,6.15,0.87,14.36,72.47,0.94,82.08,3.85,13.13,3,1082,1.88,0.00,0.00,0.00,0.00,100.00,0.00,0.00,0.00,1846,1878
27084,Y,0.000,0.003,0.002,0.00,0.00,0.00,0.00,96.51,3.49,92.96,7.04,0.00,0.00,0,0,NaN,NaN,NaN,NaN,NaN,NaN,NaN,NaN,NaN,NaN,NaN
27087,N,0.031,0.055,0.029,36.21,0.01,0.00,0.00,8.86,54.91,1.98,63.63,0.00,34.40,0,0,NaN,NaN,NaN,NaN,NaN,NaN,NaN,NaN,NaN,NaN,NaN
27089,N,0.382,0.009,0.047,8.26,0.00,36.27,0.00,1.96,53.50,0.11,55.54,0.01,44.34,8,51588,14.93,0.05,0.00,0.00,0.00,100.00,0.00,0.00,0.00,1864,1966
27090,N,0.005,0.015,0.009,24.96,0.29,0.02,0.00,0.64,74.07,0.21,74.77,0.00,25.03,0,0,NaN,NaN,NaN,NaN,NaN,NaN,NaN,NaN,NaN,NaN,NaN
28001,N,0.895,0.000,0.000,0.03,0.00,0.88,0.00,0.00,99.09,0.00,99.09,0.00,0.91,3,46260,99.05,0.25,0.00,0.00,0.00,100.00,0.00,0.00,0.00,1916,1943
28003,N,0.007,0.045,0.181,1.96,0.01,0.05,0.01,96.21,1.77,0.34,32.92,17.01,49.72,1,2400,1.16,0.01,0.00,0.00,0.00,0.00,0.00,0.00,0.00,1930,1930
28008,N,0.031,0.002,0.009,0.63,0.00,0.00,0.00,6.41,92.96,0.05,5.30,3.63,91.02,1,36000,2.39,0.08,0.00,0.00,0.00,100.00,0.00,0.00,0.00,1992,1992
28009,N,0.438,0.035,0.194,0.35,0.05,61.00,0.03,7.71,30.86,2.30,32.30,6.01,59.39,16,1.494507e+05,5.94,0.03,0.00,3.44,0.00,94.95,0.00,0.00,0.00,1796,1992
28012,N,0.088,0.074,0.149,1.55,0.06,19.29,0.01,2.48,76.60,10.71,77.71,9.81,1.77,2,20396,9.99,0.02,0.00,10.77,0.00,89.23,0.00,0.00,0.00,1833,1953
28015,N,0.011,0.252,0.098,6.37,0.10,0.00,0.52,6.01,87.00,5.57,91.23,0.87,2.33,0,0,NaN,NaN,NaN,NaN,NaN,NaN,NaN,NaN,NaN,NaN,NaN
28018,N,0.066,0.047,0.035,0.35,0.00,11.76,0.05,14.01,73.82,0.58,64.00,11.42,24.00,3,4.538970e+04,5.53,0.05,0.00,6.50,0.00,93.50,0.00,0.00,0.00,1796,1992
28022,N,0.399,0.038,0.194,0.49,0.05,60.08,0.03,7.73,31.62,2.41,33.09,6.16,58.34,16,1.494507e+05,5.41,0.02,0.00,3.44,0.00,94.95,0.00,0.00,0.00,1796,1992
28023,N,0.000,0.033,0.039,0.00,0.00,0.00,1.66,93.13,5.21,0.24,99.76,0.00,0.01,0,0,NaN,NaN,NaN,NaN,NaN,NaN,NaN,NaN,NaN,NaN,NaN
28024,N,0.013,0.003,0.026,1.85,0.15,0.00,0.00,97.99,0.00,1.84,45.26,38.97,13.93,0,0,NaN,NaN,NaN,NaN,NaN,NaN,NaN,NaN,NaN,NaN,NaN
28026,N,0.004,0.002,0.144,5.77,2.72,0.00,0.00,71.30,20.20,6.79,77.54,2.11,13.55,0,0,NaN,NaN,NaN,NaN,NaN,NaN,NaN,NaN,NaN,NaN,NaN
28031,N,0.001,0.000,0.001,0.00,0.00,0.00,0.00,100.00,0.00,0.05,49.97,49.97,0.00,0,0,NaN,NaN,NaN,NaN,NaN,NaN,NaN,NaN,NaN,NaN,NaN
28033,N,0.000,0.000,0.000,NaN,NaN,NaN,NaN,NaN,NaN,NaN,NaN,NaN,NaN,0,0,NaN,NaN,NaN,NaN,NaN,NaN,NaN,NaN,NaN,NaN,NaN
28039,N,0.006,0.023,0.021,0.00,0.04,0.00,0.00,98.42,1.55,0.11,88.83,11.02,0.04,1,2400,6.36,0.04,0.00,0.00,0.00,0.00,0.00,0.00,0.00,1930,1930
28040,N,0.002,0.000,0.017,0.00,0.00,0.00,0.00,100.00,0.00,0.00,65.45,34.55,0.00,0,0,NaN,NaN,NaN,NaN,NaN,NaN,NaN,NaN,NaN,NaN,NaN
28043,N,0.499,0.001,0.022,1.25,0.00,0.59,0.00,0.13,98.03,0.00,98.09,0.06,1.84,3,46260,36.54,0.11,0.00,0.00,0.00,100.00,0.00,0.00,0.00,1916,1943
28044,N,0.004,0.000,0.027,93.61,0.00,0.00,0.00,6.39,0.00,94.36,0.00,0.00,5.64,0,0,NaN,NaN,NaN,NaN,NaN,NaN,NaN,NaN,NaN,NaN,NaN
28046,Y,0.000,0.001,0.001,0.00,0.00,0.00,0.00,100.00,0.00,0.00,0.00,100.00,0.00,0,0,NaN,NaN,NaN,NaN,NaN,NaN,NaN,NaN,NaN,NaN,NaN
28048,N,0.360,0.000,0.128,0.00,0.00,0.00,0.00,0.07,99.93,0.00,99.94,0.06,0.00,1,6180,21.57,0.06,0.00,0.00,0.00,100.00,0.00,0.00,0.00,1958,1958
28050,N,0.005,0.075,0.097,2.66,0.03,0.00,1.59,8.88,86.83,3.63,92.34,3.32,0.72,0,0,NaN,NaN,NaN,NaN,NaN,NaN,NaN,NaN,NaN,NaN,NaN
28052,N,0.000,0.207,0.012,0.30,0.00,0.00,0.00,0.00,99.70,0.19,99.60,0.00,0.22,0,0,NaN,NaN,NaN,NaN,NaN,NaN,NaN,NaN,NaN,NaN,NaN
28055,N,0.000,0.028,0.030,0.00,0.00,0.00,0.00,0.00,100.00,0.00,100.00,0.00,0.00,0,0,NaN,NaN,NaN,NaN,NaN,NaN,NaN,NaN,NaN,NaN,NaN
28056,N,0.009,0.000,0.000,1.73,0.00,0.00,0.00,2.22,96.05,1.12,2.83,0.00,96.05,0,0,NaN,NaN,NaN,NaN,NaN,NaN,NaN,NaN,NaN,NaN,NaN
28060,N,0.000,0.231,0.020,25.46,0.00,0.00,0.60,3.07,70.88,7.42,71.29,0.00,21.28,0,0,NaN,NaN,NaN,NaN,NaN,NaN,NaN,NaN,NaN,NaN,NaN
28066,N,0.002,0.005,0.005,0.00,0.00,0.00,0.26,99.74,0.00,6.24,46.75,46.75,0.26,0,0,NaN,NaN,NaN,NaN,NaN,NaN,NaN,NaN,NaN,NaN,NaN
28067,N,1.111,0.008,0.103,0.19,0.00,57.35,0.01,10.93,31.53,0.01,37.17,5.24,57.59,4,52440,13.07,0.04,0.00,0.00,0.00,100.00,0.00,0.00,0.00,1916,1958
28072,Y,0.002,0.338,0.010,5.18,0.00,0.00,0.00,0.00,94.82,5.18,94.82,0.00,0.00,0,0,NaN,NaN,NaN,NaN,NaN,NaN,NaN,NaN,NaN,NaN,NaN
28074,N,0.018,0.002,0.144,1.70,0.09,0.03,0.00,33.00,65.18,1.51,79.22,11.97,7.30,3,7.055540e+03,3.45,0.01,0.00,0.00,0.00,100.00,0.00,0.00,0.00,1870,1906
28080,N,0.047,0.028,0.696,1.82,0.00,0.02,0.01,41.64,56.51,0.26,69.60,11.50,18.63,2,4321,6.34,0.01,0.00,0.00,0.00,44.46,0.00,0.00,0.00,1884,1930
28081,N,0.007,0.055,0.159,3.72,0.00,0.00,0.00,96.28,0.00,0.21,9.61,6.18,84.00,0,0,NaN,NaN,NaN,NaN,NaN,NaN,NaN,NaN,NaN,NaN,NaN
28082,N,0.006,0.002,0.048,15.72,0.90,0.00,0.00,65.00,18.38,7.80,61.38,21.84,8.98,0,0,NaN,NaN,NaN,NaN,NaN,NaN,NaN,NaN,NaN,NaN,NaN
28085,N,1.061,0.008,0.052,0.20,0.00,65.98,0.01,0.72,33.10,0.00,33.70,0.12,66.18,4,52440,14.57,0.05,0.00,0.00,0.00,100.00,0.00,0.00,0.00,1916,1958
28091,N,0.003,0.088,0.122,11.29,0.03,0.00,13.40,4.45,70.83,11.49,81.16,0.80,6.56,0,0,NaN,NaN,NaN,NaN,NaN,NaN,NaN,NaN,NaN,NaN,NaN
28093,N,0.020,0.002,0.139,1.73,0.09,0.00,0.00,35.03,63.14,1.55,78.02,12.69,7.73,2,4.755540e+03,2.94,0.01,0.00,0.00,0.00,100.00,0.00,0.00,0.00,1870,1896
28115,N,0.001,0.002,0.841,32.00,0.00,0.70,0.00,67.29,0.00,34.23,32.89,32.18,0.70,0,0,NaN,NaN,NaN,NaN,NaN,NaN,NaN,NaN,NaN,NaN,NaN
28116,N,0.005,0.391,0.209,4.53,0.00,0.00,0.01,6.77,88.68,4.07,94.59,0.26,1.09,0,0,NaN,NaN,NaN,NaN,NaN,NaN,NaN,NaN,NaN,NaN,NaN
28117,N,0.446,0.009,0.034,0.65,0.00,38.05,0.02,2.05,59.22,0.01,60.90,0.39,38.71,3,46260,16.80,0.05,0.00,0.00,0.00,100.00,0.00,0.00,0.00,1916,1943
29002,N,0.509,0.044,0.001,92.10,0.00,0.00,0.00,0.00,7.90,0.04,7.90,0.00,92.06,0,0,NaN,NaN,NaN,NaN,NaN,NaN,NaN,NaN,NaN,NaN,NaN
29003,Y,0.014,0.182,0.000,7.13,0.00,0.00,0.00,0.00,92.86,0.01,92.87,0.00,7.13,0,0,NaN,NaN,NaN,NaN,NaN,NaN,NaN,NaN,NaN,NaN,NaN
29005,N,0.000,0.000,0.029,NaN,NaN,NaN,NaN,NaN,NaN,NaN,NaN,NaN,NaN,0,0,NaN,NaN,NaN,NaN,NaN,NaN,NaN,NaN,NaN,NaN,NaN
29009,Y,0.005,0.027,0.004,31.14,0.00,0.00,0.00,0.53,68.33,31.13,68.38,0.31,0.17,0,0,NaN,NaN,NaN,NaN,NaN,NaN,NaN,NaN,NaN,NaN,NaN
30001,N,0.018,0.002,0.053,5.73,0.02,0.00,0.00,1.75,92.50,5.27,92.50,0.23,2.00,0,0,NaN,NaN,NaN,NaN,NaN,NaN,NaN,NaN,NaN,NaN,NaN
30004,Y,0.002,0.001,0.002,100.00,0.00,0.00,0.00,0.00,0.00,52.52,47.48,0.00,0.00,0,0,NaN,NaN,NaN,NaN,NaN,NaN,NaN,NaN,NaN,NaN,NaN
30005,N,0.039,0.002,0.030,0.00,0.00,0.00,0.00,0.33,99.67,0.33,99.67,0.00,0.00,0,0,NaN,NaN,NaN,NaN,NaN,NaN,NaN,NaN,NaN,NaN,NaN
30011,N,0.010,0.000,0.002,99.89,0.00,0.00,0.00,0.11,0.00,12.36,0.00,0.11,87.53,0,0,NaN,NaN,NaN,NaN,NaN,NaN,NaN,NaN,NaN,NaN,NaN
30012,Y,0.001,0.000,0.000,100.00,0.00,0.00,0.00,0.00,0.00,100.00,0.00,0.00,0.00,0,0,NaN,NaN,NaN,NaN,NaN,NaN,NaN,NaN,NaN,NaN,NaN
30014,N,0.000,0.000,0.000,NaN,NaN,NaN,NaN,NaN,NaN,NaN,NaN,NaN,NaN,0,0,NaN,NaN,NaN,NaN,NaN,NaN,NaN,NaN,NaN,NaN,NaN
30015,Y,0.058,0.000,0.001,0.00,0.00,0.00,0.00,0.16,99.84,0.16,99.84,0.00,0.00,0,0,NaN,NaN,NaN,NaN,NaN,NaN,NaN,NaN,NaN,NaN,NaN
3003,Y,NaN,NaN,NaN,NaN,NaN,NaN,NaN,NaN,NaN,NaN,NaN,NaN,NaN,0,0,NaN,NaN,NaN,NaN,NaN,NaN,NaN,NaN,NaN,NaN,NaN
31002,N,0.000,0.058,0.004,0.33,0.00,0.00,0.00,11.15,88.52,0.26,96.55,3.18,0.00,0,0,NaN,NaN,NaN,NaN,NaN,NaN,NaN,NaN,NaN,NaN,NaN
31006,N,1.628,0.000,0.035,6.38,0.00,0.00,0.30,0.00,93.32,0.00,93.32,0.00,6.68,1,124000,49.46,1.25,0.00,0.00,0.00,100.00,0.00,0.00,0.00,1976,1976
31010,N,0.000,0.000,0.102,NaN,NaN,NaN,NaN,NaN,NaN,NaN,NaN,NaN,NaN,0,0,NaN,NaN,NaN,NaN,NaN,NaN,NaN,NaN,NaN,NaN,NaN
31021,N,0.001,0.005,0.036,1.40,0.00,0.00,0.00,60.87,37.72,1.37,38.07,60.56,0.00,0,0,NaN,NaN,NaN,NaN,NaN,NaN,NaN,NaN,NaN,NaN,NaN
31023,Y,0.000,0.000,0.000,NaN,NaN,NaN,NaN,NaN,NaN,NaN,NaN,NaN,NaN,0,0,NaN,NaN,NaN,NaN,NaN,NaN,NaN,NaN,NaN,NaN,NaN
31025,N,0.000,0.000,0.007,NaN,NaN,NaN,NaN,NaN,NaN,NaN,NaN,NaN,NaN,0,0,NaN,NaN,NaN,NaN,NaN,NaN,NaN,NaN,NaN,NaN,NaN
32003,Y,0.000,0.000,0.007,NaN,NaN,NaN,NaN,NaN,NaN,NaN,NaN,NaN,NaN,0,0,NaN,NaN,NaN,NaN,NaN,NaN,NaN,NaN,NaN,NaN,NaN
32004,N,0.000,0.000,0.011,NaN,NaN,NaN,NaN,NaN,NaN,NaN,NaN,NaN,NaN,0,0,NaN,NaN,NaN,NaN,NaN,NaN,NaN,NaN,NaN,NaN,NaN
32006,N,0.000,0.000,0.040,NaN,NaN,NaN,NaN,NaN,NaN,NaN,NaN,NaN,NaN,0,0,NaN,NaN,NaN,NaN,NaN,NaN,NaN,NaN,NaN,NaN,NaN
32008,N,0.000,0.000,0.057,NaN,NaN,NaN,NaN,NaN,NaN,NaN,NaN,NaN,NaN,0,0,NaN,NaN,NaN,NaN,NaN,NaN,NaN,NaN,NaN,NaN,NaN
33006,N,0.001,0.058,0.011,17.62,0.00,0.00,0.12,7.12,75.13,12.58,82.28,5.07,0.07,0,0,NaN,NaN,NaN,NaN,NaN,NaN,NaN,NaN,NaN,NaN,NaN
33007,N,0.073,0.013,0.003,99.86,0.00,0.00,0.00,0.00,0.14,17.20,0.98,0.00,81.82,0,0,NaN,NaN,NaN,NaN,NaN,NaN,NaN,NaN,NaN,NaN,NaN
33012,N,0.000,0.000,0.007,NaN,NaN,NaN,NaN,NaN,NaN,NaN,NaN,NaN,NaN,0,0,NaN,NaN,NaN,NaN,NaN,NaN,NaN,NaN,NaN,NaN,NaN
33013,N,0.005,0.031,0.015,28.48,0.00,0.00,0.45,1.99,69.08,27.22,62.91,0.00,9.86,0,0,NaN,NaN,NaN,NaN,NaN,NaN,NaN,NaN,NaN,NaN,NaN
33014,N,0.017,0.113,0.056,24.67,0.00,0.40,0.01,17.39,57.52,22.75,67.18,7.79,2.28,0,0,NaN,NaN,NaN,NaN,NaN,NaN,NaN,NaN,NaN,NaN,NaN
33018,Y,0.000,0.000,0.011,NaN,NaN,NaN,NaN,NaN,NaN,NaN,NaN,NaN,NaN,0,0,NaN,NaN,NaN,NaN,NaN,NaN,NaN,NaN,NaN,NaN,NaN
33019,Y,0.005,0.039,0.014,31.91,0.00,0.00,7.69,10.62,49.78,29.76,60.00,2.48,7.75,0,0,NaN,NaN,NaN,NaN,NaN,NaN,NaN,NaN,NaN,NaN,NaN
33020,N,0.000,0.000,0.013,NaN,NaN,NaN,NaN,NaN,NaN,NaN,NaN,NaN,NaN,0,0,NaN,NaN,NaN,NaN,NaN,NaN,NaN,NaN,NaN,NaN,NaN
33021,N,0.001,0.136,0.022,1.91,0.00,0.00,5.08,1.12,91.90,1.74,92.78,0.00,5.48,0,0,NaN,NaN,NaN,NaN,NaN,NaN,NaN,NaN,NaN,NaN,NaN
33022,N,0.002,0.050,0.148,5.37,0.02,0.00,0.01,0.66,93.94,4.62,94.13,1.21,0.04,0,0,NaN,NaN,NaN,NaN,NaN,NaN,NaN,NaN,NaN,NaN,NaN
33023,N,0.001,0.047,0.003,21.72,0.00,0.00,6.98,0.02,71.28,20.44,72.57,0.00,6.99,0,0,NaN,NaN,NaN,NaN,NaN,NaN,NaN,NaN,NaN,NaN,NaN
33024,N,0.001,0.153,0.071,1.40,0.01,0.00,7.00,24.73,66.87,1.42,77.55,14.02,7.01,0,0,NaN,NaN,NaN,NaN,NaN,NaN,NaN,NaN,NaN,NaN,NaN
33026,N,0.109,0.016,0.086,0.85,0.03,10.02,0.05,1.31,87.75,4.15,15.42,1.12,79.31,2,4018,10.97,0.00,0.00,0.00,0.00,0.00,100.00,0.00,0.00,1972,1972
33028,N,0.003,0.002,0.377,98.69,0.88,0.00,0.00,0.33,0.11,59.63,0.32,39.24,0.81,0,0,NaN,NaN,NaN,NaN,NaN,NaN,NaN,NaN,NaN,NaN,NaN
33029,Y,0.005,0.108,0.001,18.48,0.00,0.00,0.00,0.06,81.46,18.32,81.68,0.00,0.00,0,0,NaN,NaN,NaN,NaN,NaN,NaN,NaN,NaN,NaN,NaN,NaN
33031,N,0.000,0.081,0.001,0.00,0.00,0.00,0.00,1.07,98.93,0.46,99.36,0.18,0.00,0,0,NaN,NaN,NaN,NaN,NaN,NaN,NaN,NaN,NaN,NaN,NaN
33032,N,0.002,0.048,0.000,9.71,0.00,0.00,0.00,0.00,90.29,9.24,90.76,0.00,0.00,0,0,NaN,NaN,NaN,NaN,NaN,NaN,NaN,NaN,NaN,NaN,NaN
33033,N,0.000,0.095,0.087,0.38,0.00,0.00,0.03,0.52,99.07,0.53,99.28,0.16,0.03,0,0,NaN,NaN,NaN,NaN,NaN,NaN,NaN,NaN,NaN,NaN,NaN
33034,N,0.004,0.046,0.013,24.37,0.00,0.00,3.57,7.15,64.91,22.22,71.35,0.98,5.45,0,0,NaN,NaN,NaN,NaN,NaN,NaN,NaN,NaN,NaN,NaN,NaN
33035,N,0.019,0.072,0.031,18.27,0.01,0.04,9.50,6.13,66.06,17.36,69.85,2.75,10.04,0,0,NaN,NaN,NaN,NaN,NaN,NaN,NaN,NaN,NaN,NaN,NaN
33039,N,0.021,0.007,0.076,1.88,0.18,45.33,0.33,5.51,46.77,2.08,48.39,4.02,45.51,2,4018,16.92,0.00,0.00,0.00,0.00,0.00,100.00,0.00,0.00,1972,1972
33053,N,0.004,0.083,0.015,4.79,0.02,0.00,4.52,2.15,88.52,4.75,90.74,0.00,4.52,0,0,NaN,NaN,NaN,NaN,NaN,NaN,NaN,NaN,NaN,NaN,NaN
33054,N,0.005,0.187,0.005,5.18,0.00,0.00,0.00,0.00,94.82,5.17,94.83,0.00,0.00,0,0,NaN,NaN,NaN,NaN,NaN,NaN,NaN,NaN,NaN,NaN,NaN
33058,N,0.000,0.019,0.088,1.30,0.00,0.00,3.37,16.58,78.74,0.59,79.58,19.83,0.00,0,0,NaN,NaN,NaN,NaN,NaN,NaN,NaN,NaN,NaN,NaN,NaN
34002,N,0.000,0.013,0.013,4.97,0.00,0.00,0.00,0.00,95.03,1.92,98.08,0.00,0.00,0,0,NaN,NaN,NaN,NaN,NaN,NaN,NaN,NaN,NaN,NaN,NaN
34003,N,0.004,0.029,0.006,29.85,0.00,0.00,0.00,0.00,70.15,24.23,70.86,0.10,4.81,0,0,NaN,NaN,NaN,NaN,NaN,NaN,NaN,NaN,NaN,NaN,NaN
34004,N,0.071,0.100,0.024,3.52,0.00,0.00,0.03,4.60,91.85,2.93,54.99,1.51,40.56,0,0,NaN,NaN,NaN,NaN,NaN,NaN,NaN,NaN,NaN,NaN,NaN
34005,N,0.006,0.022,0.011,16.70,0.00,0.00,0.00,14.88,68.42,13.82,73.23,12.95,0.00,0,0,NaN,NaN,NaN,NaN,NaN,NaN,NaN,NaN,NaN,NaN,NaN
34006,N,0.001,0.039,0.025,7.11,0.02,0.00,1.18,8.86,82.82,6.05,92.61,0.05,1.30,0,0,NaN,NaN,NaN,NaN,NaN,NaN,NaN,NaN,NaN,NaN,NaN
34007,N,0.000,0.028,0.041,8.25,0.00,0.00,4.38,30.35,57.03,5.19,90.25,0.18,4.38,0,0,NaN,NaN,NaN,NaN,NaN,NaN,NaN,NaN,NaN,NaN,NaN
34008,N,0.003,0.030,0.002,24.94,0.00,0.00,0.00,11.60,63.46,24.21,73.21,2.58,0.00,0,0,NaN,NaN,NaN,NaN,NaN,NaN,NaN,NaN,NaN,NaN,NaN
34010,N,0.003,0.041,0.017,9.39,0.00,0.00,0.08,2.08,88.45,9.26,90.39,0.00,0.35,0,0,NaN,NaN,NaN,NaN,NaN,NaN,NaN,NaN,NaN,NaN,NaN
34011,Y,0.001,0.009,0.022,80.31,0.00,0.00,0.00,19.22,0.47,69.84,20.85,9.31,0.00,0,0,NaN,NaN,NaN,NaN,NaN,NaN,NaN,NaN,NaN,NaN,NaN
34012,N,0.000,0.010,0.009,96.50,0.00,0.00,0.02,3.48,0.00,96.44,0.00,3.48,0.08,0,0,NaN,NaN,NaN,NaN,NaN,NaN,NaN,NaN,NaN,NaN,NaN
35003,N,0.000,0.028,0.000,1.13,0.00,0.00,0.00,0.00,98.87,0.61,99.39,0.00,0.00,0,0,NaN,NaN,NaN,NaN,NaN,NaN,NaN,NaN,NaN,NaN,NaN
35008,N,0.001,0.008,0.031,0.14,6.88,0.00,0.00,92.97,0.00,0.47,83.15,9.55,6.83,0,0,NaN,NaN,NaN,NaN,NaN,NaN,NaN,NaN,NaN,NaN,NaN
36003,Y,0.001,0.002,0.023,55.95,0.00,0.00,0.00,44.05,0.00,51.65,48.35,0.00,0.00,0,0,NaN,NaN,NaN,NaN,NaN,NaN,NaN,NaN,NaN,NaN,NaN
36006,N,0.072,0.075,0.026,1.62,0.08,2.41,9.72,1.63,84.54,1.52,85.52,0.56,12.39,0,0,NaN,NaN,NaN,NaN,NaN,NaN,NaN,NaN,NaN,NaN,NaN
36009,Y,0.000,0.000,0.000,NaN,NaN,NaN,NaN,NaN,NaN,NaN,NaN,NaN,NaN,0,0,NaN,NaN,NaN,NaN,NaN,NaN,NaN,NaN,NaN,NaN,NaN
36010,Y,0.000,0.000,0.009,NaN,NaN,NaN,NaN,NaN,NaN,NaN,NaN,NaN,NaN,0,0,NaN,NaN,NaN,NaN,NaN,NaN,NaN,NaN,NaN,NaN,NaN
36011,N,0.000,0.012,0.133,0.00,0.00,0.00,0.00,100.00,0.00,20.89,73.46,5.64,0.00,0,0,NaN,NaN,NaN,NaN,NaN,NaN,NaN,NaN,NaN,NaN,NaN
36012,N,0.000,0.060,0.004,0.42,0.00,0.00,4.58,0.00,95.00,0.26,95.15,0.00,4.58,0,0,NaN,NaN,NaN,NaN,NaN,NaN,NaN,NaN,NaN,NaN,NaN
37001,N,0.003,0.008,0.021,27.93,0.09,0.00,0.00,4.73,67.25,32.05,66.90,1.05,0.00,0,0,NaN,NaN,NaN,NaN,NaN,NaN,NaN,NaN,NaN,NaN,NaN
37003,N,0.011,0.000,0.006,100.00,0.00,0.00,0.00,0.00,0.00,76.24,0.00,0.00,23.76,0,0,NaN,NaN,NaN,NaN,NaN,NaN,NaN,NaN,NaN,NaN,NaN
37005,Y,0.001,0.042,0.032,2.98,0.01,0.00,0.00,1.23,95.78,2.64,95.75,0.00,1.61,0,0,NaN,NaN,NaN,NaN,NaN,NaN,NaN,NaN,NaN,NaN,NaN
37008,N,0.002,0.016,0.010,10.78,0.00,0.00,0.00,3.24,85.98,10.68,86.95,2.26,0.11,0,0,NaN,NaN,NaN,NaN,NaN,NaN,NaN,NaN,NaN,NaN,NaN
37009,N,0.001,0.020,0.091,5.57,0.00,0.00,0.00,0.32,94.11,4.76,94.92,0.32,0.00,0,0,NaN,NaN,NaN,NaN,NaN,NaN,NaN,NaN,NaN,NaN,NaN
37010,N,0.001,0.064,0.025,1.63,0.03,0.00,0.01,0.76,97.57,1.63,97.69,0.42,0.26,0,0,NaN,NaN,NaN,NaN,NaN,NaN,NaN,NaN,NaN,NaN,NaN
37011,N,0.000,0.026,0.003,0.32,0.00,0.00,0.00,0.00,99.68,0.32,99.68,0.00,0.00,0,0,NaN,NaN,NaN,NaN,NaN,NaN,NaN,NaN,NaN,NaN,NaN
37018,N,0.000,0.000,0.123,NaN,NaN,NaN,NaN,NaN,NaN,NaN,NaN,NaN,NaN,0,0,NaN,NaN,NaN,NaN,NaN,NaN,NaN,NaN,NaN,NaN,NaN
37019,N,0.000,0.000,0.000,NaN,NaN,NaN,NaN,NaN,NaN,NaN,NaN,NaN,NaN,0,0,NaN,NaN,NaN,NaN,NaN,NaN,NaN,NaN,NaN,NaN,NaN
37020,N,0.001,0.022,0.014,3.88,0.00,0.00,0.00,0.01,96.11,3.77,96.11,0.00,0.12,0,0,NaN,NaN,NaN,NaN,NaN,NaN,NaN,NaN,NaN,NaN,NaN
37031,N,0.000,0.000,0.021,NaN,NaN,NaN,NaN,NaN,NaN,NaN,NaN,NaN,NaN,0,0,NaN,NaN,NaN,NaN,NaN,NaN,NaN,NaN,NaN,NaN,NaN
37033,N,0.000,0.000,0.000,NaN,NaN,NaN,NaN,NaN,NaN,NaN,NaN,NaN,NaN,0,0,NaN,NaN,NaN,NaN,NaN,NaN,NaN,NaN,NaN,NaN,NaN
38001,N,0.084,0.198,0.133,1.64,0.04,0.00,0.07,1.96,96.30,0.50,96.58,1.50,1.43,0,0,NaN,NaN,NaN,NaN,NaN,NaN,NaN,NaN,NaN,NaN,NaN
38003,N,0.006,0.132,0.004,9.99,0.00,0.00,0.00,0.00,90.01,0.02,90.24,0.00,9.74,0,0,NaN,NaN,NaN,NaN,NaN,NaN,NaN,NaN,NaN,NaN,NaN
38004,N,0.000,0.118,0.016,0.99,0.00,0.00,0.00,0.00,99.01,0.99,99.01,0.00,0.00,0,0,NaN,NaN,NaN,NaN,NaN,NaN,NaN,NaN,NaN,NaN,NaN
38007,N,0.000,0.006,0.000,100.00,0.00,0.00,0.00,0.00,0.00,0.00,100.00,0.00,0.00,0,0,NaN,NaN,NaN,NaN,NaN,NaN,NaN,NaN,NaN,NaN,NaN
38012,N,0.000,0.132,0.000,0.00,0.00,0.00,0.00,0.00,100.00,0.00,100.00,0.00,0.00,0,0,NaN,NaN,NaN,NaN,NaN,NaN,NaN,NaN,NaN,NaN,NaN
38014,N,0.000,0.022,0.000,0.00,0.00,0.00,0.00,4.53,95.47,4.53,95.47,0.00,0.00,0,0,NaN,NaN,NaN,NaN,NaN,NaN,NaN,NaN,NaN,NaN,NaN
38017,N,0.000,0.044,0.000,12.09,0.00,0.00,0.00,0.00,87.91,0.00,88.85,0.00,11.15,0,0,NaN,NaN,NaN,NaN,NaN,NaN,NaN,NaN,NaN,NaN,NaN
38018,N,0.001,0.378,0.253,0.20,0.18,0.00,0.33,5.36,93.93,0.37,94.43,3.93,1.27,0,0,NaN,NaN,NaN,NaN,NaN,NaN,NaN,NaN,NaN,NaN,NaN
38021,N,0.001,0.015,0.000,20.45,0.00,0.00,0.00,6.28,73.28,17.22,82.78,0.00,0.00,0,0,NaN,NaN,NaN,NaN,NaN,NaN,NaN,NaN,NaN,NaN,NaN
38026,Y,0.004,0.000,0.032,100.00,0.00,0.00,0.00,0.00,0.00,100.00,0.00,0.00,0.00,0,0,NaN,NaN,NaN,NaN,NaN,NaN,NaN,NaN,NaN,NaN,NaN
38029,N,0.000,0.018,0.008,0.46,0.00,0.00,0.00,0.00,99.54,0.46,99.54,0.00,0.00,0,0,NaN,NaN,NaN,NaN,NaN,NaN,NaN,NaN,NaN,NaN,NaN
38030,N,0.000,0.174,0.004,0.01,0.00,0.00,0.00,0.00,99.99,0.00,100.00,0.00,0.00,0,0,NaN,NaN,NaN,NaN,NaN,NaN,NaN,NaN,NaN,NaN,NaN
39001,N,0.267,0.110,0.111,3.79,0.96,5.69,0.13,1.90,87.53,1.27,88.91,0.93,8.89,0,0,NaN,NaN,NaN,NaN,NaN,NaN,NaN,NaN,NaN,NaN,NaN
39002,N,0.089,0.018,0.053,11.07,1.38,32.78,0.35,2.40,52.02,10.97,62.62,2.63,23.78,0,0,NaN,NaN,NaN,NaN,NaN,NaN,NaN,NaN,NaN,NaN,NaN
39004,N,0.000,0.511,0.000,0.00,0.00,0.00,0.00,0.23,99.77,0.04,99.91,0.04,0.00,0,0,NaN,NaN,NaN,NaN,NaN,NaN,NaN,NaN,NaN,NaN,NaN
39005,N,0.000,0.494,0.144,0.00,0.00,0.00,0.00,0.01,99.99,0.01,99.99,0.00,0.00,0,0,NaN,NaN,NaN,NaN,NaN,NaN,NaN,NaN,NaN,NaN,NaN
39006,N,0.029,0.019,0.050,29.55,29.32,2.57,0.00,1.66,36.90,0.08,38.94,0.66,60.32,0,0,NaN,NaN,NaN,NaN,NaN,NaN,NaN,NaN,NaN,NaN,NaN
39007,N,0.001,0.065,0.171,1.74,0.00,0.00,0.00,7.13,91.13,2.20,91.56,5.08,1.16,0,0,NaN,NaN,NaN,NaN,NaN,NaN,NaN,NaN,NaN,NaN,NaN
39008,N,0.097,0.035,0.049,16.65,2.38,6.26,0.02,3.23,71.46,0.13,70.70,2.98,26.19,0,0,NaN,NaN,NaN,NaN,NaN,NaN,NaN,NaN,NaN,NaN,NaN
39010,N,0.011,0.394,0.195,4.18,0.00,0.00,0.01,3.01,92.79,0.20,93.58,0.94,5.28,0,0,NaN,NaN,NaN,NaN,NaN,NaN,NaN,NaN,NaN,NaN,NaN
39011,N,0.046,0.110,0.087,10.04,0.03,19.57,0.00,8.40,61.96,0.52,65.64,2.47,31.37,0,0,NaN,NaN,NaN,NaN,NaN,NaN,NaN,NaN,NaN,NaN,NaN
39012,N,0.000,0.309,0.761,0.00,0.00,0.00,0.00,0.00,100.00,0.00,96.64,3.36,0.00,0,0,NaN,NaN,NaN,NaN,NaN,NaN,NaN,NaN,NaN,NaN,NaN
39014,N,0.000,0.217,0.005,0.94,0.00,0.00,0.03,0.00,99.03,0.02,99.61,0.00,0.37,0,0,NaN,NaN,NaN,NaN,NaN,NaN,NaN,NaN,NaN,NaN,NaN
39015,N,0.000,0.115,0.002,0.00,0.00,0.00,0.00,0.00,100.00,0.00,99.96,0.00,0.04,0,0,NaN,NaN,NaN,NaN,NaN,NaN,NaN,NaN,NaN,NaN,NaN
39016,N,0.058,0.064,0.032,47.54,0.03,0.00,1.65,2.00,48.79,0.13,49.70,1.15,49.03,0,0,NaN,NaN,NaN,NaN,NaN,NaN,NaN,NaN,NaN,NaN,NaN
39017,Y,0.000,0.000,0.009,NaN,NaN,NaN,NaN,NaN,NaN,NaN,NaN,NaN,NaN,0,0,NaN,NaN,NaN,NaN,NaN,NaN,NaN,NaN,NaN,NaN,NaN
39019,Y,0.012,0.027,0.007,31.22,0.00,0.00,19.82,0.38,48.58,0.43,49.11,0.00,50.45,0,0,NaN,NaN,NaN,NaN,NaN,NaN,NaN,NaN,NaN,NaN,NaN
39020,Y,0.068,0.086,0.005,43.63,0.31,0.00,0.00,0.00,56.06,0.31,41.56,0.00,58.13,0,0,NaN,NaN,NaN,NaN,NaN,NaN,NaN,NaN,NaN,NaN,NaN
39021,N,0.008,0.000,0.015,2.78,0.08,0.00,0.00,1.86,95.28,2.22,96.36,1.41,0.00,0,0,NaN,NaN,NaN,NaN,NaN,NaN,NaN,NaN,NaN,NaN,NaN
39022,N,0.040,0.120,0.127,24.93,0.00,0.00,0.08,1.15,73.85,0.12,74.88,0.02,24.97,0,0,NaN,NaN,NaN,NaN,NaN,NaN,NaN,NaN,NaN,NaN,NaN
39023,N,0.000,0.161,0.211,0.01,0.00,0.00,0.01,2.21,97.77,0.00,99.17,0.82,0.01,0,0,NaN,NaN,NaN,NaN,NaN,NaN,NaN,NaN,NaN,NaN,NaN
39025,Y,0.000,0.140,0.020,0.07,0.00,0.00,0.95,0.01,98.98,0.01,99.04,0.00,0.95,0,0,NaN,NaN,NaN,NaN,NaN,NaN,NaN,NaN,NaN,NaN,NaN
39027,N,0.000,0.182,0.003,0.25,0.34,0.00,3.35,2.08,93.97,0.06,96.25,0.34,3.35,0,0,NaN,NaN,NaN,NaN,NaN,NaN,NaN,NaN,NaN,NaN,NaN
39028,Y,0.000,0.011,0.006,1.15,0.00,0.00,0.05,0.00,98.80,0.93,99.02,0.00,0.05,0,0,NaN,NaN,NaN,NaN,NaN,NaN,NaN,NaN,NaN,NaN,NaN
39029,N,0.001,0.323,0.000,59.82,0.00,0.00,0.00,0.00,40.18,0.29,40.21,0.00,59.50,0,0,NaN,NaN,NaN,NaN,NaN,NaN,NaN,NaN,NaN,NaN,NaN
39034,Y,0.001,0.001,0.030,43.89,9.17,0.00,0.00,20.57,26.37,23.95,66.87,9.17,0.00,0,0,NaN,NaN,NaN,NaN,NaN,NaN,NaN,NaN,NaN,NaN,NaN
39035,N,0.119,0.052,0.000,9.88,0.00,59.92,0.00,0.00,30.20,0.00,30.25,0.00,69.75,0,0,NaN,NaN,NaN,NaN,NaN,NaN,NaN,NaN,NaN,NaN,NaN
39036,N,0.001,0.624,0.000,54.93,0.00,0.00,0.00,0.00,45.07,0.10,45.07,0.00,54.84,0,0,NaN,NaN,NaN,NaN,NaN,NaN,NaN,NaN,NaN,NaN,NaN
39037,N,0.000,0.014,0.002,0.28,0.00,0.00,0.00,0.02,99.70,0.00,100.00,0.00,0.00,0,0,NaN,NaN,NaN,NaN,NaN,NaN,NaN,NaN,NaN,NaN,NaN
39042,N,0.000,0.000,0.004,NaN,NaN,NaN,NaN,NaN,NaN,NaN,NaN,NaN,NaN,0,0,NaN,NaN,NaN,NaN,NaN,NaN,NaN,NaN,NaN,NaN,NaN
39049,N,0.000,0.000,0.000,NaN,NaN,NaN,NaN,NaN,NaN,NaN,NaN,NaN,NaN,0,0,NaN,NaN,NaN,NaN,NaN,NaN,NaN,NaN,NaN,NaN,NaN
39052,N,0.000,0.000,0.100,NaN,NaN,NaN,NaN,NaN,NaN,NaN,NaN,NaN,NaN,0,0,NaN,NaN,NaN,NaN,NaN,NaN,NaN,NaN,NaN,NaN,NaN
39054,N,0.000,0.000,0.017,NaN,NaN,NaN,NaN,NaN,NaN,NaN,NaN,NaN,NaN,0,0,NaN,NaN,NaN,NaN,NaN,NaN,NaN,NaN,NaN,NaN,NaN
39056,N,0.000,0.279,0.000,0.04,0.00,0.00,0.00,1.06,98.90,0.10,99.90,0.00,0.00,0,0,NaN,NaN,NaN,NaN,NaN,NaN,NaN,NaN,NaN,NaN,NaN
39061,N,0.000,0.716,0.000,0.00,0.00,0.00,0.00,0.00,100.00,0.00,100.00,0.00,0.00,0,0,NaN,NaN,NaN,NaN,NaN,NaN,NaN,NaN,NaN,NaN,NaN
39065,Y,0.000,0.000,0.003,NaN,NaN,NaN,NaN,NaN,NaN,NaN,NaN,NaN,NaN,0,0,NaN,NaN,NaN,NaN,NaN,NaN,NaN,NaN,NaN,NaN,NaN
39069,N,0.026,0.000,0.256,0.01,0.00,0.00,0.00,99.99,0.00,0.00,0.04,0.00,99.96,0,0,NaN,NaN,NaN,NaN,NaN,NaN,NaN,NaN,NaN,NaN,NaN
39072,N,0.074,0.076,0.080,10.40,0.61,18.86,0.42,3.14,66.56,4.11,70.94,1.62,23.33,0,0,NaN,NaN,NaN,NaN,NaN,NaN,NaN,NaN,NaN,NaN,NaN
39078,N,0.000,0.090,0.046,0.49,0.00,0.00,0.00,12.07,87.44,0.38,98.73,0.89,0.00,0,0,NaN,NaN,NaN,NaN,NaN,NaN,NaN,NaN,NaN,NaN,NaN
39081,N,0.008,0.015,0.031,2.94,0.00,31.87,0.00,1.25,63.94,3.77,64.36,0.00,31.87,0,0,NaN,NaN,NaN,NaN,NaN,NaN,NaN,NaN,NaN,NaN,NaN
39087,N,0.000,0.000,0.454,NaN,NaN,NaN,NaN,NaN,NaN,NaN,NaN,NaN,NaN,0,0,NaN,NaN,NaN,NaN,NaN,NaN,NaN,NaN,NaN,NaN,NaN
39088,N,0.072,0.227,0.071,24.62,0.00,0.00,0.00,0.95,74.43,0.32,74.75,0.45,24.48,0,0,NaN,NaN,NaN,NaN,NaN,NaN,NaN,NaN,NaN,NaN,NaN
39095,N,0.000,0.002,0.000,0.00,0.00,4.78,0.00,95.22,0.00,91.30,0.00,8.70,0.00,0,0,NaN,NaN,NaN,NaN,NaN,NaN,NaN,NaN,NaN,NaN,NaN
39099,N,0.000,0.000,0.000,NaN,NaN,NaN,NaN,NaN,NaN,NaN,NaN,NaN,NaN,0,0,NaN,NaN,NaN,NaN,NaN,NaN,NaN,NaN,NaN,NaN,NaN
39101,Y,0.000,0.000,0.000,NaN,NaN,NaN,NaN,NaN,NaN,NaN,NaN,NaN,NaN,0,0,NaN,NaN,NaN,NaN,NaN,NaN,NaN,NaN,NaN,NaN,NaN
39105,N,0.000,0.016,0.056,1.46,0.00,0.00,0.00,80.69,17.85,1.45,17.88,0.00,80.67,0,0,NaN,NaN,NaN,NaN,NaN,NaN,NaN,NaN,NaN,NaN,NaN
39108,N,0.259,0.000,0.000,14.09,0.00,85.91,0.00,0.00,0.00,0.00,0.00,0.00,100.00,0,0,NaN,NaN,NaN,NaN,NaN,NaN,NaN,NaN,NaN,NaN,NaN
39114,N,0.000,0.019,0.003,0.00,0.00,0.00,61.71,38.29,0.00,0.00,38.29,0.00,61.71,0,0,NaN,NaN,NaN,NaN,NaN,NaN,NaN,NaN,NaN,NaN,NaN
39120,N,0.000,0.028,0.001,3.56,0.00,0.00,0.00,0.00,96.44,2.76,97.24,0.00,0.00,0,0,NaN,NaN,NaN,NaN,NaN,NaN,NaN,NaN,NaN,NaN,NaN
39125,N,0.000,0.191,0.012,1.47,0.00,0.00,0.00,0.00,98.53,0.04,99.96,0.00,0.00,0,0,NaN,NaN,NaN,NaN,NaN,NaN,NaN,NaN,NaN,NaN,NaN
39127,N,0.000,0.139,0.000,0.00,0.00,0.00,0.00,0.00,100.00,0.00,100.00,0.00,0.00,0,0,NaN,NaN,NaN,NaN,NaN,NaN,NaN,NaN,NaN,NaN,NaN
39141,N,0.051,0.119,0.074,15.37,0.04,10.23,0.00,4.57,69.79,0.84,71.77,1.29,26.10,0,0,NaN,NaN,NaN,NaN,NaN,NaN,NaN,NaN,NaN,NaN,NaN
39142,N,0.000,0.055,0.003,0.26,0.00,0.00,0.00,0.00,99.74,0.22,99.78,0.00,0.00,0,0,NaN,NaN,NaN,NaN,NaN,NaN,NaN,NaN,NaN,NaN,NaN
39143,N,0.022,0.031,0.042,41.89,0.00,0.00,0.00,0.00,58.11,0.00,58.33,0.00,41.67,0,0,NaN,NaN,NaN,NaN,NaN,NaN,NaN,NaN,NaN,NaN,NaN
39144,N,0.002,0.000,0.010,21.29,0.00,0.00,0.00,3.15,75.56,12.22,84.76,3.03,0.00,0,0,NaN,NaN,NaN,NaN,NaN,NaN,NaN,NaN,NaN,NaN,NaN
40003,N,0.093,0.032,0.050,1.20,0.03,0.00,0.11,1.41,97.24,0.52,79.59,1.23,18.66,3,47041,4.19,0.05,0.00,0.00,0.00,100.00,0.00,0.00,0.00,1954,1975
40004,N,0.162,0.036,0.014,0.16,0.00,0.00,0.00,0.00,99.84,0.01,98.42,0.00,1.57,1,4730,4.10,0.03,0.00,0.00,0.00,100.00,0.00,0.00,0.00,1949,1949
40005,Y,0.002,0.000,0.017,97.16,0.51,0.00,0.00,2.34,0.00,37.54,10.72,0.00,51.73,0,0,NaN,NaN,NaN,NaN,NaN,NaN,NaN,NaN,NaN,NaN,NaN
40006,N,0.017,0.056,0.000,23.72,0.00,0.00,0.00,0.00,76.28,0.52,76.28,0.00,23.20,0,0,NaN,NaN,NaN,NaN,NaN,NaN,NaN,NaN,NaN,NaN,NaN
40007,N,0.041,0.022,0.070,0.09,0.00,0.00,0.00,0.14,99.78,0.03,99.97,0.00,0.00,1,5623,10.35,0.03,0.00,0.00,0.00,100.00,0.00,0.00,0.00,1954,1954
40009,N,0.332,0.061,0.010,0.07,0.09,0.00,0.00,0.02,99.82,0.09,70.59,0.00,29.32,1,31400,15.57,0.28,0.00,0.00,0.00,100.00,0.00,0.00,0.00,1975,1975
40010,N,0.213,0.035,0.058,0.19,0.00,0.00,0.00,0.23,99.57,0.18,99.62,0.00,0.21,1,10018,2.54,0.06,0.00,0.00,0.00,100.00,0.00,0.00,0.00,1968,1968
40011,Y,0.003,0.083,0.069,3.05,0.03,0.00,17.85,6.64,72.43,0.36,78.83,0.10,20.70,0,0,NaN,NaN,NaN,NaN,NaN,NaN,NaN,NaN,NaN,NaN,NaN
40012,N,0.002,0.313,0.000,0.42,0.00,0.00,2.38,2.79,94.41,0.17,94.55,2.56,2.72,0,0,NaN,NaN,NaN,NaN,NaN,NaN,NaN,NaN,NaN,NaN,NaN
40013,N,0.001,0.262,0.000,0.00,0.00,0.00,0.45,6.05,93.50,0.22,93.50,5.83,0.45,0,0,NaN,NaN,NaN,NaN,NaN,NaN,NaN,NaN,NaN,NaN,NaN
40016,N,0.002,0.367,0.000,0.71,0.06,0.14,0.00,3.28,95.82,0.37,96.14,2.89,0.60,0,0,NaN,NaN,NaN,NaN,NaN,NaN,NaN,NaN,NaN,NaN,NaN
40017,N,0.000,0.000,0.006,NaN,NaN,NaN,NaN,NaN,NaN,NaN,NaN,NaN,NaN,0,0,NaN,NaN,NaN,NaN,NaN,NaN,NaN,NaN,NaN,NaN,NaN
40018,N,0.003,0.240,0.000,0.68,0.00,0.00,0.39,5.28,93.66,0.19,93.66,5.08,1.07,0,0,NaN,NaN,NaN,NaN,NaN,NaN,NaN,NaN,NaN,NaN,NaN
4001,N,NaN,NaN,NaN,NaN,NaN,NaN,NaN,NaN,NaN,NaN,NaN,NaN,NaN,7,524270,78.46,0.30,98.91,0.00,0.00,0.00,0.00,0.00,1.09,1954,1957
40020,N,0.000,0.093,0.090,0.03,0.00,0.00,0.00,0.14,99.83,0.07,99.93,0.00,0.00,0,0,NaN,NaN,NaN,NaN,NaN,NaN,NaN,NaN,NaN,NaN,NaN
40021,N,0.001,0.000,0.014,100.00,0.00,0.00,0.00,0.00,0.00,0.00,0.00,0.00,100.00,0,0,NaN,NaN,NaN,NaN,NaN,NaN,NaN,NaN,NaN,NaN,NaN
40022,N,0.001,0.066,0.018,0.86,0.00,0.00,0.00,0.66,98.48,0.82,98.51,0.66,0.00,0,0,NaN,NaN,NaN,NaN,NaN,NaN,NaN,NaN,NaN,NaN,NaN
40033,N,0.000,0.270,0.000,0.00,0.00,0.00,0.00,0.00,100.00,0.00,100.00,0.00,0.00,0,0,NaN,NaN,NaN,NaN,NaN,NaN,NaN,NaN,NaN,NaN,NaN
4003,N,NaN,NaN,NaN,NaN,NaN,NaN,NaN,NaN,NaN,NaN,NaN,NaN,NaN,0,0,NaN,NaN,NaN,NaN,NaN,NaN,NaN,NaN,NaN,NaN,NaN
4005,Y,NaN,NaN,NaN,NaN,NaN,NaN,NaN,NaN,NaN,NaN,NaN,NaN,NaN,0,0,NaN,NaN,NaN,NaN,NaN,NaN,NaN,NaN,NaN,NaN,NaN
4006,N,NaN,NaN,NaN,NaN,NaN,NaN,NaN,NaN,NaN,NaN,NaN,NaN,NaN,0,0,NaN,NaN,NaN,NaN,NaN,NaN,NaN,NaN,NaN,NaN,NaN
41001,N,0.000,0.000,0.000,NaN,NaN,NaN,NaN,NaN,NaN,NaN,NaN,NaN,NaN,0,0,NaN,NaN,NaN,NaN,NaN,NaN,NaN,NaN,NaN,NaN,NaN
41003,N,0.109,0.000,0.028,0.07,0.00,0.00,0.00,0.00,99.93,0.06,99.85,0.09,0.00,1,3.545800e+03,1.62,0.03,0.00,0.00,0.00,100.00,0.00,0.00,0.00,1971,1971
41004,N,0.055,0.004,0.044,1.99,0.00,0.00,0.00,0.87,97.15,0.41,98.35,0.00,1.24,1,5206,5.44,0.02,0.00,0.00,0.00,100.00,0.00,0.00,0.00,1979,1979
41005,N,0.120,0.004,0.062,1.32,0.00,0.00,0.00,0.07,98.61,0.12,98.67,0.00,1.21,1,5206,11.93,0.03,0.00,0.00,0.00,100.00,0.00,0.00,0.00,1979,1979
41006,N,0.000,0.005,0.050,4.34,0.00,0.00,0.00,27.73,67.93,0.23,96.38,0.00,3.39,0,0,NaN,NaN,NaN,NaN,NaN,NaN,NaN,NaN,NaN,NaN,NaN
41009,N,0.154,0.070,0.036,10.61,0.03,0.00,0.00,0.96,88.41,2.14,88.45,0.94,8.47,0,0,NaN,NaN,NaN,NaN,NaN,NaN,NaN,NaN,NaN,NaN,NaN
41011,N,0.027,0.072,0.050,27.35,0.00,0.00,0.00,0.09,72.56,2.23,72.66,0.00,25.11,0,0,NaN,NaN,NaN,NaN,NaN,NaN,NaN,NaN,NaN,NaN,NaN
41012,N,0.005,0.016,0.132,23.79,0.00,0.00,0.00,0.00,76.21,12.45,76.39,0.00,11.16,0,0,NaN,NaN,NaN,NaN,NaN,NaN,NaN,NaN,NaN,NaN,NaN
41013,N,0.000,0.016,0.001,0.00,0.00,0.00,0.00,0.00,100.00,0.00,0.00,0.00,100.00,0,0,NaN,NaN,NaN,NaN,NaN,NaN,NaN,NaN,NaN,NaN,NaN
41014,N,0.000,0.000,0.046,NaN,NaN,NaN,NaN,NaN,NaN,NaN,NaN,NaN,NaN,0,0,NaN,NaN,NaN,NaN,NaN,NaN,NaN,NaN,NaN,NaN,NaN
41016,N,0.000,0.000,0.000,NaN,NaN,NaN,NaN,NaN,NaN,NaN,NaN,NaN,NaN,0,0,NaN,NaN,NaN,NaN,NaN,NaN,NaN,NaN,NaN,NaN,NaN
41019,N,0.000,0.000,0.086,NaN,NaN,NaN,NaN,NaN,NaN,NaN,NaN,NaN,NaN,0,0,NaN,NaN,NaN,NaN,NaN,NaN,NaN,NaN,NaN,NaN,NaN
41020,N,0.000,0.003,0.043,99.24,0.00,0.00,0.00,0.76,0.00,4.54,95.46,0.00,0.00,0,0,NaN,NaN,NaN,NaN,NaN,NaN,NaN,NaN,NaN,NaN,NaN
41022,Y,0.002,0.028,0.011,5.72,0.00,0.00,0.00,0.00,94.28,3.58,94.28,0.00,2.14,0,0,NaN,NaN,NaN,NaN,NaN,NaN,NaN,NaN,NaN,NaN,NaN
41023,N,0.000,0.201,0.018,0.04,0.14,0.00,0.00,0.41,99.41,0.17,99.83,0.00,0.00,0,0,NaN,NaN,NaN,NaN,NaN,NaN,NaN,NaN,NaN,NaN,NaN
41025,Y,0.002,0.000,0.020,7.64,0.00,0.00,0.00,0.01,92.35,91.62,8.38,0.00,0.00,0,0,NaN,NaN,NaN,NaN,NaN,NaN,NaN,NaN,NaN,NaN,NaN
41027,Y,0.001,0.241,0.046,0.41,0.00,0.00,0.00,0.00,99.59,0.41,99.59,0.00,0.00,0,0,NaN,NaN,NaN,NaN,NaN,NaN,NaN,NaN,NaN,NaN,NaN
41028,N,0.000,0.000,0.044,NaN,NaN,NaN,NaN,NaN,NaN,NaN,NaN,NaN,NaN,0,0,NaN,NaN,NaN,NaN,NaN,NaN,NaN,NaN,NaN,NaN,NaN
41029,Y,0.000,0.000,0.005,NaN,NaN,NaN,NaN,NaN,NaN,NaN,NaN,NaN,NaN,0,0,NaN,NaN,NaN,NaN,NaN,NaN,NaN,NaN,NaN,NaN,NaN
42001,N,0.004,0.149,0.005,2.79,0.00,0.00,0.00,0.29,96.92,0.07,97.69,0.00,2.24,0,0,NaN,NaN,NaN,NaN,NaN,NaN,NaN,NaN,NaN,NaN,NaN
42003,Y,0.000,0.000,0.013,NaN,NaN,NaN,NaN,NaN,NaN,NaN,NaN,NaN,NaN,0,0,NaN,NaN,NaN,NaN,NaN,NaN,NaN,NaN,NaN,NaN,NaN
42004,N,0.702,0.118,0.037,94.50,0.00,0.00,0.83,1.68,2.99,0.89,4.70,0.06,94.36,0,0,NaN,NaN,NaN,NaN,NaN,NaN,NaN,NaN,NaN,NaN,NaN
42006,N,0.000,0.311,0.003,57.40,0.00,0.00,0.00,0.01,42.59,0.15,43.83,0.00,56.02,0,0,NaN,NaN,NaN,NaN,NaN,NaN,NaN,NaN,NaN,NaN,NaN
42008,Y,0.244,0.047,0.012,99.61,0.00,0.00,0.00,0.05,0.34,0.05,0.80,0.00,99.15,0,0,NaN,NaN,NaN,NaN,NaN,NaN,NaN,NaN,NaN,NaN,NaN
42010,Y,0.820,0.442,0.043,75.62,0.00,0.46,5.14,0.02,18.76,5.12,18.84,0.00,76.04,0,0,NaN,NaN,NaN,NaN,NaN,NaN,NaN,NaN,NaN,NaN,NaN
42011,N,0.000,0.229,0.056,0.29,0.00,0.00,0.00,0.00,99.71,0.12,99.88,0.00,0.00,0,0,NaN,NaN,NaN,NaN,NaN,NaN,NaN,NaN,NaN,NaN,NaN
42016,Y,1.038,0.325,0.004,98.24,0.00,0.62,0.20,0.00,0.93,0.24,1.02,0.00,98.74,0,0,NaN,NaN,NaN,NaN,NaN,NaN,NaN,NaN,NaN,NaN,NaN
42017,N,0.000,0.000,0.000,NaN,NaN,NaN,NaN,NaN,NaN,NaN,NaN,NaN,NaN,0,0,NaN,NaN,NaN,NaN,NaN,NaN,NaN,NaN,NaN,NaN,NaN
42024,N,0.052,0.159,0.014,73.04,0.00,0.00,6.43,13.41,7.12,6.54,20.96,0.00,72.50,0,0,NaN,NaN,NaN,NaN,NaN,NaN,NaN,NaN,NaN,NaN,NaN
42026,N,0.000,0.007,0.006,5.84,0.00,0.00,3.08,0.17,90.91,0.00,96.92,0.00,3.08,0,0,NaN,NaN,NaN,NaN,NaN,NaN,NaN,NaN,NaN,NaN,NaN
42027,N,0.052,0.076,0.020,99.89,0.00,0.00,0.00,0.01,0.10,0.00,0.44,0.00,99.56,0,0,NaN,NaN,NaN,NaN,NaN,NaN,NaN,NaN,NaN,NaN,NaN
43005,N,0.065,0.022,0.015,77.14,0.00,0.00,0.00,0.00,22.86,0.59,24.00,0.00,75.40,0,0,NaN,NaN,NaN,NaN,NaN,NaN,NaN,NaN,NaN,NaN,NaN
43006,N,0.052,0.033,0.006,60.05,1.57,11.32,0.00,0.15,26.90,0.01,28.18,0.04,71.78,0,0,NaN,NaN,NaN,NaN,NaN,NaN,NaN,NaN,NaN,NaN,NaN
43007,N,0.058,0.057,0.037,33.93,0.45,9.16,0.01,1.40,55.05,0.29,52.92,0.07,46.72,0,0,NaN,NaN,NaN,NaN,NaN,NaN,NaN,NaN,NaN,NaN,NaN
43008,N,0.031,0.063,0.011,61.29,0.95,0.00,0.00,0.05,37.71,0.13,33.60,0.00,66.28,0,0,NaN,NaN,NaN,NaN,NaN,NaN,NaN,NaN,NaN,NaN,NaN
43009,N,0.050,0.005,0.018,55.83,1.58,37.75,0.00,0.19,4.65,0.08,5.80,0.00,94.12,0,0,NaN,NaN,NaN,NaN,NaN,NaN,NaN,NaN,NaN,NaN,NaN
43014,Y,0.199,0.007,0.016,99.93,0.00,0.00,0.00,0.00,0.07,0.96,1.13,0.00,97.91,0,0,NaN,NaN,NaN,NaN,NaN,NaN,NaN,NaN,NaN,NaN,NaN
43017,N,0.000,0.030,0.008,4.66,0.00,0.00,0.00,0.00,95.34,0.00,100.00,0.00,0.00,0,0,NaN,NaN,NaN,NaN,NaN,NaN,NaN,NaN,NaN,NaN,NaN
43018,N,0.084,0.078,0.001,58.58,0.00,0.07,0.00,0.02,41.33,0.01,24.70,0.00,75.29,0,0,NaN,NaN,NaN,NaN,NaN,NaN,NaN,NaN,NaN,NaN,NaN
43021,N,0.236,0.048,0.032,79.12,0.16,0.48,0.00,0.33,19.92,0.08,19.82,0.11,80.00,0,0,NaN,NaN,NaN,NaN,NaN,NaN,NaN,NaN,NaN,NaN,NaN
44001,N,0.124,0.110,0.046,60.64,1.20,15.03,0.00,3.19,19.94,0.31,25.00,0.88,73.81,0,0,NaN,NaN,NaN,NaN,NaN,NaN,NaN,NaN,NaN,NaN,NaN
44002,N,0.045,0.173,0.004,64.34,0.57,0.00,4.90,0.70,29.49,0.09,41.42,0.30,58.19,0,0,NaN,NaN,NaN,NaN,NaN,NaN,NaN,NaN,NaN,NaN,NaN
44006,Y,0.000,0.026,0.000,13.42,0.00,0.00,0.00,0.00,86.58,0.00,94.00,0.00,6.00,0,0,NaN,NaN,NaN,NaN,NaN,NaN,NaN,NaN,NaN,NaN,NaN
44009,Y,0.837,0.587,0.000,0.19,1.97,56.83,0.00,0.00,41.02,0.00,41.21,0.00,58.79,0,0,NaN,NaN,NaN,NaN,NaN,NaN,NaN,NaN,NaN,NaN,NaN
44011,N,0.000,0.000,0.001,NaN,NaN,NaN,NaN,NaN,NaN,NaN,NaN,NaN,NaN,0,0,NaN,NaN,NaN,NaN,NaN,NaN,NaN,NaN,NaN,NaN,NaN
45001,N,0.099,0.000,0.011,8.81,4.23,28.72,0.00,1.88,56.36,0.75,52.03,0.00,47.22,1,21541,4.80,0.03,0.00,0.00,0.00,100.00,0.00,0.00,0.00,1979,1979
45003,N,0.081,0.004,0.018,21.68,0.00,68.40,0.00,9.90,0.01,3.46,6.32,0.59,89.63,0,0,NaN,NaN,NaN,NaN,NaN,NaN,NaN,NaN,NaN,NaN,NaN
45004,N,0.026,0.007,0.009,0.89,2.69,75.49,0.00,0.73,20.20,0.09,21.72,0.02,78.18,0,0,NaN,NaN,NaN,NaN,NaN,NaN,NaN,NaN,NaN,NaN,NaN
45005,Y,0.003,0.037,0.019,2.81,0.00,0.00,0.00,0.11,97.09,1.45,98.55,0.00,0.00,0,0,NaN,NaN,NaN,NaN,NaN,NaN,NaN,NaN,NaN,NaN,NaN
45009,N,0.223,0.000,0.001,0.00,0.00,49.37,0.00,0.00,50.63,0.00,50.63,0.00,49.37,1,21541,19.69,0.10,0.00,0.00,0.00,100.00,0.00,0.00,0.00,1979,1979
45012,N,0.001,0.002,0.019,10.08,42.44,0.00,0.00,47.29,0.19,1.15,55.97,0.45,42.44,0,0,NaN,NaN,NaN,NaN,NaN,NaN,NaN,NaN,NaN,NaN,NaN
46003,Y,0.360,0.000,0.003,0.00,4.13,77.29,0.00,0.43,18.15,0.08,18.50,0.00,81.42,0,0,NaN,NaN,NaN,NaN,NaN,NaN,NaN,NaN,NaN,NaN,NaN
46005,Y,0.000,0.000,0.000,NaN,NaN,NaN,NaN,NaN,NaN,NaN,NaN,NaN,NaN,0,0,NaN,NaN,NaN,NaN,NaN,NaN,NaN,NaN,NaN,NaN,NaN
46008,N,0.193,0.000,0.005,0.82,0.00,55.80,0.00,0.00,43.38,0.00,43.38,0.00,56.62,0,0,NaN,NaN,NaN,NaN,NaN,NaN,NaN,NaN,NaN,NaN,NaN
46014,N,0.419,0.000,0.007,0.76,0.21,82.46,0.00,0.01,16.55,0.00,16.56,0.00,83.44,1,1.727300e+03,3.96,0.01,0.00,0.00,0.00,100.00,0.00,0.00,0.00,1942,1942
47001,N,0.045,0.001,0.008,4.75,0.15,26.53,0.00,8.68,59.89,2.80,63.26,2.80,31.14,1,36910,3.27,0.03,0.00,0.00,0.00,100.00,0.00,0.00,0.00,1989,1989
47004,N,0.064,0.000,0.014,0.03,0.00,48.79,0.00,0.00,51.18,0.00,51.20,0.00,48.80,0,0,NaN,NaN,NaN,NaN,NaN,NaN,NaN,NaN,NaN,NaN,NaN
47005,N,0.000,0.000,0.002,NaN,NaN,NaN,NaN,NaN,NaN,NaN,NaN,NaN,NaN,0,0,NaN,NaN,NaN,NaN,NaN,NaN,NaN,NaN,NaN,NaN,NaN
47008,N,0.180,0.000,0.001,0.00,0.00,0.00,0.00,0.01,99.99,0.00,100.00,0.00,0.00,1,36910,26.68,0.27,0.00,0.00,0.00,100.00,0.00,0.00,0.00,1989,1989
47009,Y,0.000,0.000,0.002,NaN,NaN,NaN,NaN,NaN,NaN,NaN,NaN,NaN,NaN,0,0,NaN,NaN,NaN,NaN,NaN,NaN,NaN,NaN,NaN,NaN,NaN
47011,N,0.798,0.000,0.035,0.00,0.00,0.00,0.00,2.63,97.37,0.00,100.00,0.00,0.00,1,4464,27.17,0.03,0.00,0.00,0.00,100.00,0.00,0.00,0.00,1898,1898
47014,N,0.010,0.000,0.002,0.00,0.00,100.00,0.00,0.00,0.00,0.00,0.00,0.00,100.00,0,0,NaN,NaN,NaN,NaN,NaN,NaN,NaN,NaN,NaN,NaN,NaN
47018,N,0.000,0.000,0.001,NaN,NaN,NaN,NaN,NaN,NaN,NaN,NaN,NaN,NaN,0,0,NaN,NaN,NaN,NaN,NaN,NaN,NaN,NaN,NaN,NaN,NaN
48003,Y,0.053,0.008,0.362,0.01,0.00,0.00,0.00,99.99,0.00,0.02,92.57,7.41,0.00,0,0,NaN,NaN,NaN,NaN,NaN,NaN,NaN,NaN,NaN,NaN,NaN
48004,Y,0.000,0.000,0.000,NaN,NaN,NaN,NaN,NaN,NaN,NaN,NaN,NaN,NaN,0,0,NaN,NaN,NaN,NaN,NaN,NaN,NaN,NaN,NaN,NaN,NaN
48005,N,0.000,0.000,0.000,NaN,NaN,NaN,NaN,NaN,NaN,NaN,NaN,NaN,NaN,0,0,NaN,NaN,NaN,NaN,NaN,NaN,NaN,NaN,NaN,NaN,NaN
48011,N,0.410,0.007,0.002,0.01,2.84,0.00,0.00,0.08,97.07,0.00,97.13,0.03,2.84,2,32464,12.02,0.13,0.00,0.00,0.00,100.00,0.00,0.00,0.00,1969,1983
49001,N,0.071,0.001,0.015,0.00,0.00,37.24,0.05,0.75,61.95,0.00,62.71,0.00,37.29,0,0,NaN,NaN,NaN,NaN,NaN,NaN,NaN,NaN,NaN,NaN,NaN
49002,N,0.002,0.000,0.000,99.16,0.00,0.00,0.00,0.00,0.84,12.54,6.04,0.00,81.42,0,0,NaN,NaN,NaN,NaN,NaN,NaN,NaN,NaN,NaN,NaN,NaN
49004,Y,0.000,0.000,0.004,NaN,NaN,NaN,NaN,NaN,NaN,NaN,NaN,NaN,NaN,0,0,NaN,NaN,NaN,NaN,NaN,NaN,NaN,NaN,NaN,NaN,NaN
50001,N,0.027,0.001,0.004,11.74,68.07,5.37,0.00,4.45,10.38,3.55,10.88,0.44,85.12,0,0,NaN,NaN,NaN,NaN,NaN,NaN,NaN,NaN,NaN,NaN,NaN
50002,Y,0.027,0.000,0.005,0.07,15.07,0.00,0.00,0.46,84.40,0.01,84.72,0.02,15.25,1,3170,2.50,0.00,0.00,0.00,0.00,100.00,0.00,0.00,0.00,1972,1972
50006,N,0.018,0.000,0.004,45.69,13.98,0.00,0.00,0.00,40.33,0.00,40.49,0.03,59.48,0,0,NaN,NaN,NaN,NaN,NaN,NaN,NaN,NaN,NaN,NaN,NaN
50007,N,0.018,0.014,0.007,0.00,0.00,54.82,0.00,45.18,0.00,36.29,4.45,4.45,54.82,0,0,NaN,NaN,NaN,NaN,NaN,NaN,NaN,NaN,NaN,NaN,NaN
50008,N,0.000,0.000,0.001,NaN,NaN,NaN,NaN,NaN,NaN,NaN,NaN,NaN,NaN,0,0,NaN,NaN,NaN,NaN,NaN,NaN,NaN,NaN,NaN,NaN,NaN
50011,N,0.221,0.001,0.017,0.00,15.09,0.00,0.00,0.45,84.46,0.01,84.78,0.02,15.19,1,3170,20.67,0.03,0.00,0.00,0.00,100.00,0.00,0.00,0.00,1972,1972
5003,N,NaN,NaN,NaN,NaN,NaN,NaN,NaN,NaN,NaN,NaN,NaN,NaN,NaN,2,250500,64.45,0.23,100.00,0.00,0.00,0.00,0.00,0.00,0.00,1951,1951
51001,N,0.000,0.000,0.001,NaN,NaN,NaN,NaN,NaN,NaN,NaN,NaN,NaN,NaN,0,0,NaN,NaN,NaN,NaN,NaN,NaN,NaN,NaN,NaN,NaN,NaN
52004,N,0.017,0.044,0.052,3.39,0.00,24.15,0.00,1.75,70.71,2.68,71.45,1.73,24.15,0,0,NaN,NaN,NaN,NaN,NaN,NaN,NaN,NaN,NaN,NaN,NaN
52005,N,0.119,0.003,0.028,0.96,0.00,0.00,0.00,9.18,89.86,0.52,90.92,0.01,8.55,1,5364,8.95,0.03,0.00,0.00,0.00,100.00,0.00,0.00,0.00,1958,1958
52006,N,0.035,0.049,0.019,0.20,0.00,0.00,0.00,6.79,93.01,0.78,95.59,3.63,0.00,1,2600,13.72,0.01,0.00,0.00,0.00,100.00,0.00,0.00,0.00,1955,1955
52007,N,0.000,0.000,0.025,NaN,NaN,NaN,NaN,NaN,NaN,NaN,NaN,NaN,NaN,0,0,NaN,NaN,NaN,NaN,NaN,NaN,NaN,NaN,NaN,NaN,NaN
52009,N,0.000,0.035,0.093,0.99,0.00,0.00,0.00,81.24,17.77,4.51,90.97,4.51,0.00,0,0,NaN,NaN,NaN,NaN,NaN,NaN,NaN,NaN,NaN,NaN,NaN
52010,Y,0.179,0.006,0.009,1.06,17.84,79.15,0.00,0.85,1.10,0.00,3.01,0.00,96.99,0,0,NaN,NaN,NaN,NaN,NaN,NaN,NaN,NaN,NaN,NaN,NaN
52011,N,0.000,0.000,0.023,NaN,NaN,NaN,NaN,NaN,NaN,NaN,NaN,NaN,NaN,0,0,NaN,NaN,NaN,NaN,NaN,NaN,NaN,NaN,NaN,NaN,NaN
52015,N,0.021,0.000,0.000,0.00,0.00,0.00,0.00,0.00,100.00,0.00,100.00,0.00,0.00,0,0,NaN,NaN,NaN,NaN,NaN,NaN,NaN,NaN,NaN,NaN,NaN
52016,Y,0.000,0.000,0.001,NaN,NaN,NaN,NaN,NaN,NaN,NaN,NaN,NaN,NaN,0,0,NaN,NaN,NaN,NaN,NaN,NaN,NaN,NaN,NaN,NaN,NaN
53005,N,0.018,0.000,0.051,0.15,0.00,0.00,0.00,2.02,97.84,1.85,98.14,0.00,0.00,0,0,NaN,NaN,NaN,NaN,NaN,NaN,NaN,NaN,NaN,NaN,NaN
53006,Y,0.000,0.000,0.153,NaN,NaN,NaN,NaN,NaN,NaN,NaN,NaN,NaN,NaN,0,0,NaN,NaN,NaN,NaN,NaN,NaN,NaN,NaN,NaN,NaN,NaN
53007,N,0.043,0.058,0.308,0.31,0.00,21.46,0.00,6.12,72.11,0.11,75.34,3.09,21.46,0,0,NaN,NaN,NaN,NaN,NaN,NaN,NaN,NaN,NaN,NaN,NaN
53008,Y,0.000,0.117,0.016,0.30,0.00,0.07,7.93,0.00,91.70,0.00,88.64,0.04,11.32,0,0,NaN,NaN,NaN,NaN,NaN,NaN,NaN,NaN,NaN,NaN,NaN
53009,Y,0.020,0.001,0.066,0.00,0.00,0.00,0.00,3.12,96.88,3.12,96.88,0.00,0.00,0,0,NaN,NaN,NaN,NaN,NaN,NaN,NaN,NaN,NaN,NaN,NaN
53013,N,0.009,0.008,0.085,2.78,0.00,0.00,0.00,3.71,93.51,2.75,95.95,1.03,0.27,0,0,NaN,NaN,NaN,NaN,NaN,NaN,NaN,NaN,NaN,NaN,NaN
53017,Y,0.000,0.000,0.089,NaN,NaN,NaN,NaN,NaN,NaN,NaN,NaN,NaN,NaN,0,0,NaN,NaN,NaN,NaN,NaN,NaN,NaN,NaN,NaN,NaN,NaN
53018,N,0.026,0.050,0.107,1.39,0.23,16.35,2.36,8.37,71.30,2.27,73.02,2.75,21.95,0,0,NaN,NaN,NaN,NaN,NaN,NaN,NaN,NaN,NaN,NaN,NaN
53022,N,0.029,0.049,0.104,1.31,0.22,15.45,2.23,8.57,72.22,2.15,73.93,2.69,21.23,0,0,NaN,NaN,NaN,NaN,NaN,NaN,NaN,NaN,NaN,NaN,NaN
53023,N,0.000,0.021,0.004,0.00,0.00,0.00,25.19,0.00,74.81,0.00,0.00,0.00,100.00,0,0,NaN,NaN,NaN,NaN,NaN,NaN,NaN,NaN,NaN,NaN,NaN
53028,N,0.010,0.000,0.012,2.39,0.00,73.97,0.00,7.02,16.62,8.55,17.48,0.00,73.97,0,0,NaN,NaN,NaN,NaN,NaN,NaN,NaN,NaN,NaN,NaN,NaN
54001,N,0.061,0.034,0.038,3.21,0.15,4.91,0.63,2.69,88.42,5.98,90.03,2.01,1.99,3,1.117433e+05,2.85,0.03,0.00,0.00,0.00,100.00,0.00,0.00,0.00,1888,1967
54002,N,0.030,0.018,0.093,2.15,0.01,1.40,0.06,4.95,91.42,3.43,74.52,1.80,20.24,1,22730,NaN,NaN,0.00,0.00,0.00,100.00,0.00,0.00,0.00,1969,1969
54003,N,0.000,0.000,0.000,NaN,NaN,NaN,NaN,NaN,NaN,NaN,NaN,NaN,NaN,1,59852,100.00,0.40,0.00,0.00,0.00,100.00,0.00,0.00,0.00,1888,1888
54004,N,0.003,0.084,0.361,0.03,0.01,0.03,0.00,10.85,89.07,3.58,96.08,0.00,0.34,0,0,NaN,NaN,NaN,NaN,NaN,NaN,NaN,NaN,NaN,NaN,NaN
54005,N,0.000,0.004,0.017,9.60,0.00,0.00,0.45,1.28,88.67,9.14,89.96,0.60,0.30,2,108680,6.06,0.04,0.00,0.00,0.00,100.00,0.00,0.00,0.00,1888,1967
54007,N,0.001,0.022,0.064,1.32,0.08,0.00,0.76,1.49,96.35,2.19,96.75,0.60,0.46,0,0,NaN,NaN,NaN,NaN,NaN,NaN,NaN,NaN,NaN,NaN,NaN
54008,Y,0.040,0.002,0.382,0.79,0.00,93.34,0.00,1.87,4.00,0.79,4.02,1.84,93.34,0,0,NaN,NaN,NaN,NaN,NaN,NaN,NaN,NaN,NaN,NaN,NaN
54011,N,0.001,0.182,0.066,1.15,0.04,0.00,0.74,0.14,97.93,1.14,97.17,0.01,1.68,0,0,NaN,NaN,NaN,NaN,NaN,NaN,NaN,NaN,NaN,NaN,NaN
54012,N,0.005,0.068,0.041,9.52,0.96,0.00,2.16,13.88,73.48,12.97,76.05,2.72,8.26,0,0,NaN,NaN,NaN,NaN,NaN,NaN,NaN,NaN,NaN,NaN,NaN
54015,N,0.000,0.036,0.018,0.53,0.01,0.00,8.83,1.28,89.36,0.46,90.36,0.29,8.90,0,0,NaN,NaN,NaN,NaN,NaN,NaN,NaN,NaN,NaN,NaN,NaN
54016,N,0.001,0.032,0.009,9.54,0.00,0.00,3.38,1.86,85.23,7.39,90.36,0.00,2.25,0,0,NaN,NaN,NaN,NaN,NaN,NaN,NaN,NaN,NaN,NaN,NaN
54017,N,0.001,0.036,0.016,4.61,0.00,0.00,0.00,1.32,94.06,4.42,90.93,0.00,4.65,0,0,NaN,NaN,NaN,NaN,NaN,NaN,NaN,NaN,NaN,NaN,NaN
54018,Y,0.000,0.000,0.015,NaN,NaN,NaN,NaN,NaN,NaN,NaN,NaN,NaN,NaN,0,0,NaN,NaN,NaN,NaN,NaN,NaN,NaN,NaN,NaN,NaN,NaN
54019,N,0.025,0.003,0.074,2.46,0.00,0.00,0.00,11.54,86.00,4.83,5.36,8.47,81.34,0,0,NaN,NaN,NaN,NaN,NaN,NaN,NaN,NaN,NaN,NaN,NaN
54020,N,0.002,0.049,0.015,6.57,0.00,0.00,3.38,0.44,89.60,4.74,92.44,0.00,2.82,0,0,NaN,NaN,NaN,NaN,NaN,NaN,NaN,NaN,NaN,NaN,NaN
54022,N,0.000,0.000,0.000,NaN,NaN,NaN,NaN,NaN,NaN,NaN,NaN,NaN,NaN,0,0,NaN,NaN,NaN,NaN,NaN,NaN,NaN,NaN,NaN,NaN,NaN
54024,N,0.006,0.204,0.200,4.66,0.00,0.00,0.16,0.54,94.64,4.76,94.56,0.00,0.68,0,0,NaN,NaN,NaN,NaN,NaN,NaN,NaN,NaN,NaN,NaN,NaN
54025,Y,0.000,0.000,0.000,NaN,NaN,NaN,NaN,NaN,NaN,NaN,NaN,NaN,NaN,0,0,NaN,NaN,NaN,NaN,NaN,NaN,NaN,NaN,NaN,NaN,NaN
54027,N,0.055,0.000,0.001,13.95,0.00,17.48,0.00,5.39,63.19,0.48,68.38,0.00,31.14,0,0,NaN,NaN,NaN,NaN,NaN,NaN,NaN,NaN,NaN,NaN,NaN
54028,N,0.000,0.000,0.008,NaN,NaN,NaN,NaN,NaN,NaN,NaN,NaN,NaN,NaN,1,59852,9.48,0.06,0.00,0.00,0.00,100.00,0.00,0.00,0.00,1888,1888
54029,N,0.041,0.001,0.291,0.71,0.05,87.92,0.00,1.45,9.87,0.75,9.90,1.38,87.97,0,0,NaN,NaN,NaN,NaN,NaN,NaN,NaN,NaN,NaN,NaN,NaN
54032,N,0.067,0.047,0.108,2.25,0.08,9.67,0.36,1.90,85.73,3.75,86.79,1.21,8.25,3,1.117433e+05,1.80,0.02,0.00,0.00,0.00,100.00,0.00,0.00,0.00,1888,1967
54034,Y,0.000,0.000,0.000,NaN,NaN,NaN,NaN,NaN,NaN,NaN,NaN,NaN,NaN,0,0,NaN,NaN,NaN,NaN,NaN,NaN,NaN,NaN,NaN,NaN,NaN
54036,Y,0.026,0.000,0.015,2.23,24.82,0.00,0.00,24.93,48.02,2.23,72.95,0.00,24.82,0,0,NaN,NaN,NaN,NaN,NaN,NaN,NaN,NaN,NaN,NaN,NaN
54038,N,0.000,0.000,0.021,NaN,NaN,NaN,NaN,NaN,NaN,NaN,NaN,NaN,NaN,0,0,NaN,NaN,NaN,NaN,NaN,NaN,NaN,NaN,NaN,NaN,NaN
54044,N,0.004,0.119,0.036,4.80,0.23,0.00,0.00,25.59,69.38,3.42,86.63,6.83,3.13,0,0,NaN,NaN,NaN,NaN,NaN,NaN,NaN,NaN,NaN,NaN,NaN
54048,N,0.002,0.010,0.029,0.05,0.00,0.00,0.00,17.36,82.59,0.05,82.59,17.36,0.00,0,0,NaN,NaN,NaN,NaN,NaN,NaN,NaN,NaN,NaN,NaN,NaN
54049,N,0.130,0.008,0.028,0.53,0.00,0.00,0.02,1.89,97.55,0.80,74.09,1.47,23.65,1,22730,NaN,NaN,0.00,0.00,0.00,100.00,0.00,0.00,0.00,1969,1969
54052,N,0.000,0.000,0.008,NaN,NaN,NaN,NaN,NaN,NaN,NaN,NaN,NaN,NaN,0,0,NaN,NaN,NaN,NaN,NaN,NaN,NaN,NaN,NaN,NaN,NaN
54057,N,0.063,0.037,0.099,2.18,0.13,9.21,0.36,2.12,86.00,3.49,85.09,1.18,10.24,4,1.344733e+05,1.25,0.01,0.00,0.00,0.00,100.00,0.00,0.00,0.00,1888,1969
54060,N,0.000,0.040,0.000,44.38,0.00,0.00,55.49,0.00,0.12,44.38,18.90,0.00,36.72,0,0,NaN,NaN,NaN,NaN,NaN,NaN,NaN,NaN,NaN,NaN,NaN
54063,N,0.000,0.102,0.000,0.13,0.00,0.00,0.00,1.96,97.91,1.20,98.11,0.00,0.69,0,0,NaN,NaN,NaN,NaN,NaN,NaN,NaN,NaN,NaN,NaN,NaN
54080,N,0.000,0.000,0.004,NaN,NaN,NaN,NaN,NaN,NaN,NaN,NaN,NaN,NaN,1,48828,28.10,0.16,0.00,0.00,0.00,100.00,0.00,0.00,0.00,1967,1967
54095,N,0.007,0.025,0.025,7.22,0.50,0.00,2.09,8.98,81.21,8.84,83.51,2.65,5.00,2,108680,3.30,0.03,0.00,0.00,0.00,100.00,0.00,0.00,0.00,1888,1967
54096,N,0.004,0.188,0.005,3.18,0.05,0.01,0.00,0.00,96.76,3.23,94.06,0.00,2.71,0,0,NaN,NaN,NaN,NaN,NaN,NaN,NaN,NaN,NaN,NaN,NaN
55002,N,0.000,0.000,0.008,NaN,NaN,NaN,NaN,NaN,NaN,NaN,NaN,NaN,NaN,5,100692,9.68,0.04,NaN,NaN,NaN,NaN,NaN,NaN,NaN,1904,1952
55007,N,0.000,0.000,0.009,NaN,NaN,NaN,NaN,NaN,NaN,NaN,NaN,NaN,NaN,5,100692,14.29,0.05,NaN,NaN,NaN,NaN,NaN,NaN,NaN,1904,1952
55008,Y,0.000,0.000,0.000,NaN,NaN,NaN,NaN,NaN,NaN,NaN,NaN,NaN,NaN,0,0,NaN,NaN,NaN,NaN,NaN,NaN,NaN,NaN,NaN,NaN,NaN
55013,N,0.000,0.018,0.020,0.00,0.00,0.00,0.00,1.60,98.40,0.15,99.85,0.00,0.00,0,0,NaN,NaN,NaN,NaN,NaN,NaN,NaN,NaN,NaN,NaN,NaN
55014,Y,0.001,0.000,0.012,47.16,0.00,0.00,0.00,0.00,52.84,47.16,52.84,0.00,0.00,0,0,NaN,NaN,NaN,NaN,NaN,NaN,NaN,NaN,NaN,NaN,NaN
55016,Y,0.000,0.000,0.008,NaN,NaN,NaN,NaN,NaN,NaN,NaN,NaN,NaN,NaN,0,0,NaN,NaN,NaN,NaN,NaN,NaN,NaN,NaN,NaN,NaN,NaN
55018,N,0.000,0.000,0.010,NaN,NaN,NaN,NaN,NaN,NaN,NaN,NaN,NaN,NaN,0,0,NaN,NaN,NaN,NaN,NaN,NaN,NaN,NaN,NaN,NaN,NaN
55021,N,0.000,0.000,0.008,NaN,NaN,NaN,NaN,NaN,NaN,NaN,NaN,NaN,NaN,0,0,NaN,NaN,NaN,NaN,NaN,NaN,NaN,NaN,NaN,NaN,NaN
55023,N,0.016,0.003,0.024,3.27,0.05,2.66,0.00,12.40,81.62,3.03,84.77,8.76,3.43,5,100692,4.57,0.02,NaN,NaN,NaN,NaN,NaN,NaN,NaN,1904,1952
55025,N,0.000,0.000,0.007,NaN,NaN,NaN,NaN,NaN,NaN,NaN,NaN,NaN,NaN,0,0,NaN,NaN,NaN,NaN,NaN,NaN,NaN,NaN,NaN,NaN,NaN
55026,Y,0.000,0.000,0.001,NaN,NaN,NaN,NaN,NaN,NaN,NaN,NaN,NaN,NaN,0,0,NaN,NaN,NaN,NaN,NaN,NaN,NaN,NaN,NaN,NaN,NaN
55029,Y,0.000,0.007,0.003,4.13,0.01,0.00,0.00,0.08,95.77,3.37,96.44,0.00,0.19,0,0,NaN,NaN,NaN,NaN,NaN,NaN,NaN,NaN,NaN,NaN,NaN
55032,N,0.000,0.000,0.000,NaN,NaN,NaN,NaN,NaN,NaN,NaN,NaN,NaN,NaN,5,100692,99.78,0.30,NaN,NaN,NaN,NaN,NaN,NaN,NaN,1904,1952
56001,N,0.000,0.000,0.017,NaN,NaN,NaN,NaN,NaN,NaN,NaN,NaN,NaN,NaN,3,27183,5.12,0.02,0.00,0.00,0.00,100.00,0.00,0.00,0.00,1906,1955
56002,N,0.000,0.000,0.000,NaN,NaN,NaN,NaN,NaN,NaN,NaN,NaN,NaN,NaN,0,0,NaN,NaN,NaN,NaN,NaN,NaN,NaN,NaN,NaN,NaN,NaN
56007,N,0.000,0.000,0.000,NaN,NaN,NaN,NaN,NaN,NaN,NaN,NaN,NaN,NaN,0,0,NaN,NaN,NaN,NaN,NaN,NaN,NaN,NaN,NaN,NaN,NaN
56012,N,0.000,0.000,0.001,NaN,NaN,NaN,NaN,NaN,NaN,NaN,NaN,NaN,NaN,0,0,NaN,NaN,NaN,NaN,NaN,NaN,NaN,NaN,NaN,NaN,NaN
56013,Y,0.000,0.000,0.000,NaN,NaN,NaN,NaN,NaN,NaN,NaN,NaN,NaN,NaN,0,0,NaN,NaN,NaN,NaN,NaN,NaN,NaN,NaN,NaN,NaN,NaN
57004,Y,0.000,0.000,0.001,NaN,NaN,NaN,NaN,NaN,NaN,NaN,NaN,NaN,NaN,0,0,NaN,NaN,NaN,NaN,NaN,NaN,NaN,NaN,NaN,NaN,NaN
57005,N,0.000,0.000,0.158,NaN,NaN,NaN,NaN,NaN,NaN,NaN,NaN,NaN,NaN,4,16088,15.63,0.02,0.00,0.00,0.00,100.00,0.00,0.00,0.00,1892,1927
57006,N,0.000,0.000,0.011,NaN,NaN,NaN,NaN,NaN,NaN,NaN,NaN,NaN,NaN,0,0,NaN,NaN,NaN,NaN,NaN,NaN,NaN,NaN,NaN,NaN,NaN
57007,N,0.000,0.000,0.181,NaN,NaN,NaN,NaN,NaN,NaN,NaN,NaN,NaN,NaN,4,16088,36.70,0.05,0.00,0.00,0.00,100.00,0.00,0.00,0.00,1892,1927
57008,N,0.000,0.000,0.000,NaN,NaN,NaN,NaN,NaN,NaN,NaN,NaN,NaN,NaN,0,0,NaN,NaN,NaN,NaN,NaN,NaN,NaN,NaN,NaN,NaN,NaN
57009,N,0.000,0.000,0.249,NaN,NaN,NaN,NaN,NaN,NaN,NaN,NaN,NaN,NaN,0,0,NaN,NaN,NaN,NaN,NaN,NaN,NaN,NaN,NaN,NaN,NaN
58001,N,0.000,0.000,0.000,NaN,NaN,NaN,NaN,NaN,NaN,NaN,NaN,NaN,NaN,0,0,NaN,NaN,NaN,NaN,NaN,NaN,NaN,NaN,NaN,NaN,NaN
58002,N,0.000,0.000,0.000,NaN,NaN,NaN,NaN,NaN,NaN,NaN,NaN,NaN,NaN,1,3277,5.08,0.01,0.00,0.00,0.00,100.00,0.00,0.00,0.00,1914,1914
58006,N,0.000,0.000,0.000,NaN,NaN,NaN,NaN,NaN,NaN,NaN,NaN,NaN,NaN,1,3277,14.90,0.02,0.00,0.00,0.00,100.00,0.00,0.00,0.00,1914,1914
58008,N,0.000,0.000,0.000,NaN,NaN,NaN,NaN,NaN,NaN,NaN,NaN,NaN,NaN,0,0,NaN,NaN,NaN,NaN,NaN,NaN,NaN,NaN,NaN,NaN,NaN
58009,N,0.000,0.000,0.000,NaN,NaN,NaN,NaN,NaN,NaN,NaN,NaN,NaN,NaN,0,0,NaN,NaN,NaN,NaN,NaN,NaN,NaN,NaN,NaN,NaN,NaN
58010,N,0.000,0.000,0.000,NaN,NaN,NaN,NaN,NaN,NaN,NaN,NaN,NaN,NaN,0,0,NaN,NaN,NaN,NaN,NaN,NaN,NaN,NaN,NaN,NaN,NaN
58012,N,0.000,0.000,0.000,NaN,NaN,NaN,NaN,NaN,NaN,NaN,NaN,NaN,NaN,0,0,NaN,NaN,NaN,NaN,NaN,NaN,NaN,NaN,NaN,NaN,NaN
59001,N,0.000,0.000,0.000,NaN,NaN,NaN,NaN,NaN,NaN,NaN,NaN,NaN,NaN,0,0,NaN,NaN,NaN,NaN,NaN,NaN,NaN,NaN,NaN,NaN,NaN
60002,Y,0.000,0.000,0.000,NaN,NaN,NaN,NaN,NaN,NaN,NaN,NaN,NaN,NaN,0,0,NaN,NaN,NaN,NaN,NaN,NaN,NaN,NaN,NaN,NaN,NaN
60003,Y,0.000,0.000,0.000,NaN,NaN,NaN,NaN,NaN,NaN,NaN,NaN,NaN,NaN,0,0,NaN,NaN,NaN,NaN,NaN,NaN,NaN,NaN,NaN,NaN,NaN
60005,N,0.000,0.000,0.000,NaN,NaN,NaN,NaN,NaN,NaN,NaN,NaN,NaN,NaN,0,0,NaN,NaN,NaN,NaN,NaN,NaN,NaN,NaN,NaN,NaN,NaN
60006,N,0.000,0.000,0.000,NaN,NaN,NaN,NaN,NaN,NaN,NaN,NaN,NaN,NaN,0,0,NaN,NaN,NaN,NaN,NaN,NaN,NaN,NaN,NaN,NaN,NaN
60010,N,0.000,0.000,0.000,NaN,NaN,NaN,NaN,NaN,NaN,NaN,NaN,NaN,NaN,1,32882,8.00,0.02,0.00,0.00,0.00,100.00,0.00,0.00,0.00,1972,1972
60012,Y,0.000,0.000,0.000,NaN,NaN,NaN,NaN,NaN,NaN,NaN,NaN,NaN,NaN,0,0,NaN,NaN,NaN,NaN,NaN,NaN,NaN,NaN,NaN,NaN,NaN
6007,N,NaN,NaN,NaN,NaN,NaN,NaN,NaN,NaN,NaN,NaN,NaN,NaN,NaN,13,8356096,97.39,2.43,10.12,0.00,0.00,0.00,0.00,0.00,89.88,1955,1957
6008,N,NaN,NaN,NaN,NaN,NaN,NaN,NaN,NaN,NaN,NaN,NaN,NaN,NaN,0,0,NaN,NaN,NaN,NaN,NaN,NaN,NaN,NaN,NaN,NaN,NaN
61001,N,0.000,0.000,0.000,NaN,NaN,NaN,NaN,NaN,NaN,NaN,NaN,NaN,NaN,0,0,NaN,NaN,NaN,NaN,NaN,NaN,NaN,NaN,NaN,NaN,NaN
61002,N,0.000,0.000,0.000,NaN,NaN,NaN,NaN,NaN,NaN,NaN,NaN,NaN,NaN,0,0,NaN,NaN,NaN,NaN,NaN,NaN,NaN,NaN,NaN,NaN,NaN
62001,Y,0.000,0.000,0.000,NaN,NaN,NaN,NaN,NaN,NaN,NaN,NaN,NaN,NaN,0,0,NaN,NaN,NaN,NaN,NaN,NaN,NaN,NaN,NaN,NaN,NaN
63001,N,0.000,0.000,0.000,NaN,NaN,NaN,NaN,NaN,NaN,NaN,NaN,NaN,NaN,0,0,NaN,NaN,NaN,NaN,NaN,NaN,NaN,NaN,NaN,NaN,NaN
63004,N,0.000,0.000,0.000,NaN,NaN,NaN,NaN,NaN,NaN,NaN,NaN,NaN,NaN,0,0,NaN,NaN,NaN,NaN,NaN,NaN,NaN,NaN,NaN,NaN,NaN
64001,Y,0.000,0.000,0.000,NaN,NaN,NaN,NaN,NaN,NaN,NaN,NaN,NaN,NaN,0,0,NaN,NaN,NaN,NaN,NaN,NaN,NaN,NaN,NaN,NaN,NaN
64002,N,0.000,0.000,0.000,NaN,NaN,NaN,NaN,NaN,NaN,NaN,NaN,NaN,NaN,0,0,NaN,NaN,NaN,NaN,NaN,NaN,NaN,NaN,NaN,NaN,NaN
64006,N,0.000,0.000,0.000,NaN,NaN,NaN,NaN,NaN,NaN,NaN,NaN,NaN,NaN,0,0,NaN,NaN,NaN,NaN,NaN,NaN,NaN,NaN,NaN,NaN,NaN
65001,Y,0.000,0.000,0.000,NaN,NaN,NaN,NaN,NaN,NaN,NaN,NaN,NaN,NaN,0,0,NaN,NaN,NaN,NaN,NaN,NaN,NaN,NaN,NaN,NaN,NaN
65004,N,0.000,0.000,0.000,NaN,NaN,NaN,NaN,NaN,NaN,NaN,NaN,NaN,NaN,1,1687,46.59,0.02,0.00,0.00,0.00,100.00,0.00,0.00,0.00,1976,1976
65005,Y,0.000,0.000,0.000,NaN,NaN,NaN,NaN,NaN,NaN,NaN,NaN,NaN,NaN,0,0,NaN,NaN,NaN,NaN,NaN,NaN,NaN,NaN,NaN,NaN,NaN
65006,N,0.000,0.000,0.000,NaN,NaN,NaN,NaN,NaN,NaN,NaN,NaN,NaN,NaN,1,1870,30.01,0.01,100.00,0.00,0.00,0.00,0.00,0.00,0.00,1979,1979
65007,N,0.000,0.000,0.000,NaN,NaN,NaN,NaN,NaN,NaN,NaN,NaN,NaN,NaN,1,2902,7.20,0.03,0.00,0.00,0.00,100.00,0.00,0.00,0.00,1959,1959
65008,N,0.000,0.000,0.000,NaN,NaN,NaN,NaN,NaN,NaN,NaN,NaN,NaN,NaN,0,0,NaN,NaN,NaN,NaN,NaN,NaN,NaN,NaN,NaN,NaN,NaN
66001,N,0.000,0.000,0.000,NaN,NaN,NaN,NaN,NaN,NaN,NaN,NaN,NaN,NaN,0,0,NaN,NaN,NaN,NaN,NaN,NaN,NaN,NaN,NaN,NaN,NaN
66004,Y,0.000,0.000,0.000,NaN,NaN,NaN,NaN,NaN,NaN,NaN,NaN,NaN,NaN,0,0,NaN,NaN,NaN,NaN,NaN,NaN,NaN,NaN,NaN,NaN,NaN
66006,N,0.000,0.000,0.000,NaN,NaN,NaN,NaN,NaN,NaN,NaN,NaN,NaN,NaN,1,1777,NaN,NaN,0.00,0.00,0.00,100.00,0.00,0.00,0.00,1934,1934
66011,N,0.000,0.000,0.000,NaN,NaN,NaN,NaN,NaN,NaN,NaN,NaN,NaN,NaN,1,1776,0.68,0.00,0.00,0.00,0.00,100.00,0.00,0.00,0.00,1926,1926
67001,N,0.000,0.000,0.004,NaN,NaN,NaN,NaN,NaN,NaN,NaN,NaN,NaN,NaN,3,155198,79.72,0.30,0.00,4.82,0.00,95.18,0.00,0.00,0.00,1804,1965
67005,N,0.000,0.000,0.002,NaN,NaN,NaN,NaN,NaN,NaN,NaN,NaN,NaN,NaN,0,0,NaN,NaN,NaN,NaN,NaN,NaN,NaN,NaN,NaN,NaN,NaN
67006,N,0.000,0.000,0.012,NaN,NaN,NaN,NaN,NaN,NaN,NaN,NaN,NaN,NaN,2,69027,23.34,0.26,0.00,0.00,0.00,100.00,0.00,0.00,0.00,1921,1979
67008,N,0.000,0.000,0.059,NaN,NaN,NaN,NaN,NaN,NaN,NaN,NaN,NaN,NaN,0,0,NaN,NaN,NaN,NaN,NaN,NaN,NaN,NaN,NaN,NaN,NaN
67010,Y,0.000,0.000,0.000,NaN,NaN,NaN,NaN,NaN,NaN,NaN,NaN,NaN,NaN,0,0,NaN,NaN,NaN,NaN,NaN,NaN,NaN,NaN,NaN,NaN,NaN
67015,N,0.000,0.003,0.012,0.00,0.00,0.00,0.00,0.05,99.95,0.00,100.00,0.00,0.00,5,224225,25.04,0.15,0.00,3.34,0.00,96.66,0.00,0.00,0.00,1804,1979
67018,Y,0.000,0.000,0.002,NaN,NaN,NaN,NaN,NaN,NaN,NaN,NaN,NaN,NaN,0,0,NaN,NaN,NaN,NaN,NaN,NaN,NaN,NaN,NaN,NaN,NaN
67025,N,0.000,0.000,0.374,NaN,NaN,NaN,NaN,NaN,NaN,NaN,NaN,NaN,NaN,0,0,NaN,NaN,NaN,NaN,NaN,NaN,NaN,NaN,NaN,NaN,NaN
67033,N,0.193,0.003,0.047,0.08,0.00,0.00,0.00,0.10,99.82,0.06,99.93,0.01,0.00,5,224225,14.04,0.11,0.00,3.34,0.00,96.66,0.00,0.00,0.00,1804,1979
68001,N,0.057,0.025,0.049,0.59,0.31,0.00,0.00,9.24,89.87,1.31,94.08,4.00,0.62,0,0,NaN,NaN,NaN,NaN,NaN,NaN,NaN,NaN,NaN,NaN,NaN
68003,N,0.125,0.034,0.075,7.81,1.93,0.70,0.00,82.66,6.91,0.06,37.94,47.69,14.31,1,1224,0.73,0.00,0.00,100.00,0.00,0.00,0.00,0.00,0.00,1931,1931
68004,N,0.007,0.030,0.035,0.26,0.14,0.00,0.00,19.24,80.36,19.24,80.36,0.00,0.40,0,0,NaN,NaN,NaN,NaN,NaN,NaN,NaN,NaN,NaN,NaN,NaN
68005,Y,0.002,0.018,0.005,4.30,3.95,0.00,0.00,0.01,91.74,0.02,92.08,0.01,7.90,0,0,NaN,NaN,NaN,NaN,NaN,NaN,NaN,NaN,NaN,NaN,NaN
68020,N,0.011,0.070,0.011,0.36,13.24,0.00,0.12,0.09,86.19,13.23,86.47,0.00,0.30,0,0,NaN,NaN,NaN,NaN,NaN,NaN,NaN,NaN,NaN,NaN,NaN
69002,N,0.295,0.011,0.371,0.88,0.53,17.89,0.45,15.73,64.51,0.05,79.33,0.90,19.71,8,2.397270e+04,11.12,0.03,0.00,0.00,0.00,89.70,0.00,0.00,0.00,1800,1971
69007,N,0.332,0.006,0.191,0.06,0.62,17.73,0.00,4.00,77.59,0.11,81.18,0.55,18.16,9,34897,18.90,0.04,0.00,0.00,0.00,100.00,0.00,0.00,0.00,1855,1967
69012,N,0.071,0.056,0.266,0.00,0.00,0.00,0.00,18.57,81.43,0.18,90.76,9.06,0.00,0,0,NaN,NaN,NaN,NaN,NaN,NaN,NaN,NaN,NaN,NaN,NaN
69015,N,0.546,0.002,0.072,0.00,0.00,0.00,0.00,1.27,98.73,0.05,99.59,0.36,0.00,5,18661,45.98,0.08,0.00,0.00,0.00,100.00,0.00,0.00,0.00,1855,1877
69017,N,0.364,0.007,0.040,0.09,1.32,19.34,0.00,3.96,75.29,0.10,77.91,1.26,20.73,3,11188,16.12,0.05,0.00,0.00,0.00,100.00,0.00,0.00,0.00,1912,1967
69023,N,0.301,0.011,0.308,0.70,0.01,9.37,0.00,21.69,68.24,0.02,88.62,1.31,10.06,3,9146,9.40,0.04,0.00,0.00,0.00,73.02,0.00,0.00,0.00,1800,1962
69027,N,0.278,0.002,0.432,0.00,1.20,0.00,0.00,8.33,90.48,0.00,100.00,0.00,0.00,1,5048,16.04,0.03,0.00,0.00,0.00,100.00,0.00,0.00,0.00,1966,1966
69030,N,0.031,0.030,0.214,1.99,0.00,0.00,0.00,51.08,46.94,22.73,52.23,25.04,0.00,0,0,NaN,NaN,NaN,NaN,NaN,NaN,NaN,NaN,NaN,NaN,NaN
69032,N,0.000,0.006,0.395,9.75,0.00,0.00,0.00,90.25,0.00,10.71,75.84,10.43,3.02,0,0,NaN,NaN,NaN,NaN,NaN,NaN,NaN,NaN,NaN,NaN,NaN
69043,N,0.001,0.014,0.647,0.00,0.00,0.00,0.00,100.00,0.00,0.20,2.10,97.70,0.00,0,0,NaN,NaN,NaN,NaN,NaN,NaN,NaN,NaN,NaN,NaN,NaN
70002,N,0.209,0.001,0.066,1.16,0.00,0.00,0.23,3.47,95.13,0.06,98.59,0.01,1.34,3,13812,1.99,0.08,0.00,0.00,0.00,100.00,0.00,0.00,0.00,1857,1877
7001,Y,NaN,NaN,NaN,NaN,NaN,NaN,NaN,NaN,NaN,NaN,NaN,NaN,NaN,0,0,NaN,NaN,NaN,NaN,NaN,NaN,NaN,NaN,NaN,NaN,NaN
7002,N,NaN,NaN,NaN,NaN,NaN,NaN,NaN,NaN,NaN,NaN,NaN,NaN,NaN,0,0,NaN,NaN,NaN,NaN,NaN,NaN,NaN,NaN,NaN,NaN,NaN
7003,N,NaN,NaN,NaN,NaN,NaN,NaN,NaN,NaN,NaN,NaN,NaN,NaN,NaN,1,1920,6.62,0.01,0.00,0.00,0.00,0.00,0.00,0.00,100.00,NaN,NaN
7005,N,NaN,NaN,NaN,NaN,NaN,NaN,NaN,NaN,NaN,NaN,NaN,NaN,NaN,0,0,NaN,NaN,NaN,NaN,NaN,NaN,NaN,NaN,NaN,NaN,NaN
7006,N,NaN,NaN,NaN,NaN,NaN,NaN,NaN,NaN,NaN,NaN,NaN,NaN,NaN,0,0,NaN,NaN,NaN,NaN,NaN,NaN,NaN,NaN,NaN,NaN,NaN
71001,Y,0.131,0.002,0.142,6.10,5.90,7.09,0.00,2.75,78.16,0.20,79.78,0.91,19.11,1,11800,3.22,0.01,0.00,0.00,0.00,100.00,0.00,0.00,0.00,1932,1932
71004,Y,0.104,0.003,0.413,0.00,0.00,5.33,0.00,4.89,89.78,0.01,93.23,1.19,5.57,0,0,NaN,NaN,NaN,NaN,NaN,NaN,NaN,NaN,NaN,NaN,NaN
71006,N,0.045,0.001,0.054,0.28,43.83,43.83,0.00,8.25,3.81,0.10,8.80,3.45,87.66,0,0,NaN,NaN,NaN,NaN,NaN,NaN,NaN,NaN,NaN,NaN,NaN
71008,N,0.374,0.001,0.002,9.55,0.00,0.00,0.00,0.00,90.45,0.00,90.45,0.00,9.55,1,11800,14.30,0.03,0.00,0.00,0.00,100.00,0.00,0.00,0.00,1932,1932
71014,N,0.250,0.003,0.648,0.00,0.02,81.56,0.00,7.07,11.35,0.84,16.75,1.86,80.54,0,0,NaN,NaN,NaN,NaN,NaN,NaN,NaN,NaN,NaN,NaN,NaN
72002,N,0.228,0.100,0.010,1.29,0.00,0.00,0.00,0.01,98.70,0.08,98.71,0.00,1.21,3,2292,55.08,0.01,0.00,0.00,0.00,25.83,74.17,0.00,0.00,1878,1982
72004,N,0.009,0.000,0.009,97.48,0.00,0.15,0.00,2.05,0.32,0.07,2.30,0.00,97.63,0,0,NaN,NaN,NaN,NaN,NaN,NaN,NaN,NaN,NaN,NaN,NaN
72005,Y,0.004,0.000,0.005,95.45,0.00,0.00,0.00,4.55,0.00,0.00,4.55,0.00,95.45,0,0,NaN,NaN,NaN,NaN,NaN,NaN,NaN,NaN,NaN,NaN,NaN
72007,N,0.000,0.000,0.000,NaN,NaN,NaN,NaN,NaN,NaN,NaN,NaN,NaN,NaN,0,0,NaN,NaN,NaN,NaN,NaN,NaN,NaN,NaN,NaN,NaN,NaN
72009,N,0.047,0.001,0.012,97.62,0.00,0.00,0.00,2.14,0.24,0.00,2.38,0.00,97.62,0,0,NaN,NaN,NaN,NaN,NaN,NaN,NaN,NaN,NaN,NaN,NaN
72014,Y,0.024,0.000,0.000,100.00,0.00,0.00,0.00,0.00,0.00,0.00,0.06,0.00,99.94,0,0,NaN,NaN,NaN,NaN,NaN,NaN,NaN,NaN,NaN,NaN,NaN
72015,N,0.007,0.000,0.002,95.45,0.00,0.00,0.00,4.55,0.00,0.00,4.55,0.00,95.45,0,0,NaN,NaN,NaN,NaN,NaN,NaN,NaN,NaN,NaN,NaN,NaN
73005,Y,0.098,0.003,0.062,0.00,0.00,65.38,0.00,33.75,0.88,0.07,23.54,11.01,65.38,0,0,NaN,NaN,NaN,NaN,NaN,NaN,NaN,NaN,NaN,NaN,NaN
73009,N,0.018,0.000,0.000,0.00,0.00,100.00,0.00,0.00,0.00,0.00,0.00,0.00,100.00,0,0,NaN,NaN,NaN,NaN,NaN,NaN,NaN,NaN,NaN,NaN,NaN
73010,N,0.305,0.000,0.032,1.86,12.06,37.65,0.00,1.86,46.58,0.00,48.44,0.00,51.56,0,0,NaN,NaN,NaN,NaN,NaN,NaN,NaN,NaN,NaN,NaN,NaN
73011,Y,0.000,0.009,0.001,0.00,0.00,0.00,0.00,100.00,0.00,0.00,0.00,100.00,0.00,0,0,NaN,NaN,NaN,NaN,NaN,NaN,NaN,NaN,NaN,NaN,NaN
73014,N,0.291,0.000,0.001,0.00,55.33,44.67,0.00,0.00,0.00,0.00,0.00,0.00,100.00,0,0,NaN,NaN,NaN,NaN,NaN,NaN,NaN,NaN,NaN,NaN,NaN
73015,Y,0.000,0.000,0.001,NaN,NaN,NaN,NaN,NaN,NaN,NaN,NaN,NaN,NaN,0,0,NaN,NaN,NaN,NaN,NaN,NaN,NaN,NaN,NaN,NaN,NaN
74001,Y,0.129,0.000,0.000,0.00,0.00,28.16,0.00,0.00,71.84,0.00,71.84,0.00,28.16,1,2945,4.93,0.01,0.00,0.00,0.00,100.00,0.00,0.00,0.00,1907,1907
74005,N,0.217,0.000,0.091,0.34,0.00,0.90,0.00,0.00,98.76,0.00,64.91,0.00,35.09,1,3400,33.16,0.01,0.00,0.00,0.00,100.00,0.00,0.00,0.00,1902,1902
74006,N,0.130,0.058,0.001,0.00,0.00,0.00,0.00,96.60,3.40,16.92,53.57,8.17,21.34,0,0,NaN,NaN,NaN,NaN,NaN,NaN,NaN,NaN,NaN,NaN,NaN
74007,N,0.007,0.000,0.000,48.40,0.00,51.53,0.00,0.00,0.07,0.00,0.07,0.00,99.93,0,0,NaN,NaN,NaN,NaN,NaN,NaN,NaN,NaN,NaN,NaN,NaN
75003,N,0.775,0.000,0.021,0.67,0.00,3.72,0.00,0.00,95.61,0.00,95.61,0.00,4.39,1,40714,8.28,0.05,0.00,0.00,0.00,100.00,0.00,0.00,0.00,1894,1894
75004,N,0.159,0.000,0.001,0.00,0.00,0.00,0.00,0.00,100.00,0.00,100.00,0.00,0.00,1,3400,54.66,0.01,0.00,0.00,0.00,100.00,0.00,0.00,0.00,NaN,NaN
75017,Y,0.076,0.023,0.060,7.63,0.00,1.47,0.00,3.90,87.00,0.00,90.90,0.00,9.10,0,0,NaN,NaN,NaN,NaN,NaN,NaN,NaN,NaN,NaN,NaN,NaN
76003,N,0.827,0.007,0.031,1.95,0.69,2.91,0.00,0.35,94.09,0.00,94.11,0.00,5.89,2,87122,10.27,0.11,0.00,0.00,0.00,100.00,0.00,0.00,0.00,1935,1966
76005,N,0.000,0.004,0.006,7.61,8.11,0.00,0.00,12.97,71.31,0.63,90.71,0.55,8.11,0,0,NaN,NaN,NaN,NaN,NaN,NaN,NaN,NaN,NaN,NaN,NaN
76007,N,0.167,0.011,0.010,5.89,0.63,3.36,0.00,2.68,87.44,0.07,89.18,0.76,10.00,2,87122,1.84,0.03,0.00,0.00,0.00,100.00,0.00,0.00,0.00,1935,1966
76008,N,0.029,0.021,0.007,2.94,0.00,0.00,0.00,0.02,97.04,0.02,97.07,0.00,2.91,0,0,NaN,NaN,NaN,NaN,NaN,NaN,NaN,NaN,NaN,NaN,NaN
76011,N,0.000,0.000,0.000,NaN,NaN,NaN,NaN,NaN,NaN,NaN,NaN,NaN,NaN,0,0,NaN,NaN,NaN,NaN,NaN,NaN,NaN,NaN,NaN,NaN,NaN
76014,Y,0.000,0.000,0.000,NaN,NaN,NaN,NaN,NaN,NaN,NaN,NaN,NaN,NaN,0,0,NaN,NaN,NaN,NaN,NaN,NaN,NaN,NaN,NaN,NaN,NaN
77002,N,0.000,0.000,0.000,NaN,NaN,NaN,NaN,NaN,NaN,NaN,NaN,NaN,NaN,1,3147,3.65,0.00,0.00,0.00,0.00,0.00,0.00,0.00,100.00,NaN,NaN
77003,N,0.000,0.000,0.000,NaN,NaN,NaN,NaN,NaN,NaN,NaN,NaN,NaN,NaN,0,0,NaN,NaN,NaN,NaN,NaN,NaN,NaN,NaN,NaN,NaN,NaN
77004,Y,0.000,0.000,0.000,NaN,NaN,NaN,NaN,NaN,NaN,NaN,NaN,NaN,NaN,0,0,NaN,NaN,NaN,NaN,NaN,NaN,NaN,NaN,NaN,NaN,NaN
78003,N,0.000,0.000,0.000,NaN,NaN,NaN,NaN,NaN,NaN,NaN,NaN,NaN,NaN,0,0,NaN,NaN,NaN,NaN,NaN,NaN,NaN,NaN,NaN,NaN,NaN
78004,Y,0.000,0.000,0.000,NaN,NaN,NaN,NaN,NaN,NaN,NaN,NaN,NaN,NaN,0,0,NaN,NaN,NaN,NaN,NaN,NaN,NaN,NaN,NaN,NaN,NaN
78006,N,0.000,0.000,0.000,NaN,NaN,NaN,NaN,NaN,NaN,NaN,NaN,NaN,NaN,0,0,NaN,NaN,NaN,NaN,NaN,NaN,NaN,NaN,NaN,NaN,NaN
79002,Y,0.000,0.000,0.000,NaN,NaN,NaN,NaN,NaN,NaN,NaN,NaN,NaN,NaN,1,2888,1.02,0.00,0.00,0.00,0.00,0.00,0.00,0.00,100.00,NaN,NaN
79003,N,0.000,0.000,0.000,NaN,NaN,NaN,NaN,NaN,NaN,NaN,NaN,NaN,NaN,1,2888,5.30,0.01,0.00,0.00,0.00,0.00,0.00,0.00,100.00,NaN,NaN
79004,Y,0.000,0.000,0.000,NaN,NaN,NaN,NaN,NaN,NaN,NaN,NaN,NaN,NaN,0,0,NaN,NaN,NaN,NaN,NaN,NaN,NaN,NaN,NaN,NaN,NaN
79005,N,0.000,0.000,0.000,NaN,NaN,NaN,NaN,NaN,NaN,NaN,NaN,NaN,NaN,1,1.618376e+03,5.69,0.00,0.00,0.00,0.00,0.00,0.00,0.00,100.00,NaN,NaN
79006,N,0.000,0.000,0.000,NaN,NaN,NaN,NaN,NaN,NaN,NaN,NaN,NaN,NaN,1,2888,1.72,0.00,0.00,0.00,0.00,0.00,0.00,0.00,100.00,NaN,NaN
80001,N,0.000,0.000,0.000,NaN,NaN,NaN,NaN,NaN,NaN,NaN,NaN,NaN,NaN,0,0,NaN,NaN,NaN,NaN,NaN,NaN,NaN,NaN,NaN,NaN,NaN
80002,N,0.000,0.000,0.000,NaN,NaN,NaN,NaN,NaN,NaN,NaN,NaN,NaN,NaN,6,93590,81.79,0.11,44.36,0.00,0.00,0.00,0.00,0.00,55.64,1935,1935
80003,N,0.000,0.000,0.000,NaN,NaN,NaN,NaN,NaN,NaN,NaN,NaN,NaN,NaN,0,0,NaN,NaN,NaN,NaN,NaN,NaN,NaN,NaN,NaN,NaN,NaN
80004,N,0.000,0.000,0.000,NaN,NaN,NaN,NaN,NaN,NaN,NaN,NaN,NaN,NaN,0,0,NaN,NaN,NaN,NaN,NaN,NaN,NaN,NaN,NaN,NaN,NaN
80005,N,0.000,0.000,0.000,NaN,NaN,NaN,NaN,NaN,NaN,NaN,NaN,NaN,NaN,0,0,NaN,NaN,NaN,NaN,NaN,NaN,NaN,NaN,NaN,NaN,NaN
80006,N,0.000,0.000,0.000,NaN,NaN,NaN,NaN,NaN,NaN,NaN,NaN,NaN,NaN,0,0,NaN,NaN,NaN,NaN,NaN,NaN,NaN,NaN,NaN,NaN,NaN
8004,Y,NaN,NaN,NaN,NaN,NaN,NaN,NaN,NaN,NaN,NaN,NaN,NaN,NaN,0,0,NaN,NaN,NaN,NaN,NaN,NaN,NaN,NaN,NaN,NaN,NaN
8005,N,NaN,NaN,NaN,NaN,NaN,NaN,NaN,NaN,NaN,NaN,NaN,NaN,NaN,3,11280,18.04,0.01,45.21,0.00,0.00,0.00,0.00,0.00,54.79,1938,1938
8006,N,NaN,NaN,NaN,NaN,NaN,NaN,NaN,NaN,NaN,NaN,NaN,NaN,NaN,3,11280,8.30,0.00,45.21,0.00,0.00,0.00,0.00,0.00,54.79,1938,1938
8009,Y,NaN,NaN,NaN,NaN,NaN,NaN,NaN,NaN,NaN,NaN,NaN,NaN,NaN,0,0,NaN,NaN,NaN,NaN,NaN,NaN,NaN,NaN,NaN,NaN,NaN
8011,N,NaN,NaN,NaN,NaN,NaN,NaN,NaN,NaN,NaN,NaN,NaN,NaN,NaN,0,0,NaN,NaN,NaN,NaN,NaN,NaN,NaN,NaN,NaN,NaN,NaN
8013,Y,NaN,NaN,NaN,NaN,NaN,NaN,NaN,NaN,NaN,NaN,NaN,NaN,NaN,0,0,NaN,NaN,NaN,NaN,NaN,NaN,NaN,NaN,NaN,NaN,NaN
81002,Y,0.000,0.000,0.000,NaN,NaN,NaN,NaN,NaN,NaN,NaN,NaN,NaN,NaN,0,0,NaN,NaN,NaN,NaN,NaN,NaN,NaN,NaN,NaN,NaN,NaN
81003,N,0.000,0.000,0.000,NaN,NaN,NaN,NaN,NaN,NaN,NaN,NaN,NaN,NaN,1,2591,9.71,0.01,0.00,0.00,0.00,0.00,0.00,0.00,100.00,NaN,NaN
81004,Y,0.000,0.000,0.000,NaN,NaN,NaN,NaN,NaN,NaN,NaN,NaN,NaN,NaN,0,0,NaN,NaN,NaN,NaN,NaN,NaN,NaN,NaN,NaN,NaN,NaN
81006,N,0.000,0.000,0.000,NaN,NaN,NaN,NaN,NaN,NaN,NaN,NaN,NaN,NaN,0,0,NaN,NaN,NaN,NaN,NaN,NaN,NaN,NaN,NaN,NaN,NaN
81007,N,0.000,0.000,0.000,NaN,NaN,NaN,NaN,NaN,NaN,NaN,NaN,NaN,NaN,0,0,NaN,NaN,NaN,NaN,NaN,NaN,NaN,NaN,NaN,NaN,NaN
82001,N,0.000,0.000,0.000,NaN,NaN,NaN,NaN,NaN,NaN,NaN,NaN,NaN,NaN,3,2.331046e+04,8.37,0.06,0.00,0.00,0.00,82.20,0.00,0.00,17.80,1912,1912
82003,N,0.000,0.000,0.000,NaN,NaN,NaN,NaN,NaN,NaN,NaN,NaN,NaN,NaN,0,0,NaN,NaN,NaN,NaN,NaN,NaN,NaN,NaN,NaN,NaN,NaN
83003,N,0.000,0.000,0.000,NaN,NaN,NaN,NaN,NaN,NaN,NaN,NaN,NaN,NaN,0,0,NaN,NaN,NaN,NaN,NaN,NaN,NaN,NaN,NaN,NaN,NaN
83004,N,0.000,0.000,0.000,NaN,NaN,NaN,NaN,NaN,NaN,NaN,NaN,NaN,NaN,0,0,NaN,NaN,NaN,NaN,NaN,NaN,NaN,NaN,NaN,NaN,NaN
83006,Y,0.000,0.000,0.000,NaN,NaN,NaN,NaN,NaN,NaN,NaN,NaN,NaN,NaN,0,0,NaN,NaN,NaN,NaN,NaN,NaN,NaN,NaN,NaN,NaN,NaN
83007,N,0.000,0.000,0.000,NaN,NaN,NaN,NaN,NaN,NaN,NaN,NaN,NaN,NaN,0,0,NaN,NaN,NaN,NaN,NaN,NaN,NaN,NaN,NaN,NaN,NaN
83009,N,0.000,0.000,0.000,NaN,NaN,NaN,NaN,NaN,NaN,NaN,NaN,NaN,NaN,3,8937,10.84,0.03,0.00,0.00,0.00,0.00,0.00,0.00,100.00,NaN,NaN
83010,Y,0.000,0.000,0.000,NaN,NaN,NaN,NaN,NaN,NaN,NaN,NaN,NaN,NaN,0,0,NaN,NaN,NaN,NaN,NaN,NaN,NaN,NaN,NaN,NaN,NaN
83013,N,0.000,0.000,0.000,NaN,NaN,NaN,NaN,NaN,NaN,NaN,NaN,NaN,NaN,0,0,NaN,NaN,NaN,NaN,NaN,NaN,NaN,NaN,NaN,NaN,NaN
84001,N,NaN,NaN,NaN,NaN,NaN,NaN,NaN,NaN,NaN,NaN,NaN,NaN,NaN,1,2500,0.39,0.01,0.00,0.00,0.00,0.00,0.00,0.00,100.00,NaN,NaN
84004,N,0.000,0.000,0.000,NaN,NaN,NaN,NaN,NaN,NaN,NaN,NaN,NaN,NaN,3,3.673449e+04,10.87,0.04,0.00,0.00,0.00,94.06,0.00,0.00,5.94,1930,1956
84005,N,0.000,0.000,0.000,NaN,NaN,NaN,NaN,NaN,NaN,NaN,NaN,NaN,NaN,3,3.673449e+04,4.74,0.02,0.00,0.00,0.00,94.06,0.00,0.00,5.94,1930,1956
84008,N,0.000,0.000,0.000,NaN,NaN,NaN,NaN,NaN,NaN,NaN,NaN,NaN,NaN,0,0,NaN,NaN,NaN,NaN,NaN,NaN,NaN,NaN,NaN,NaN,NaN
84009,N,0.000,0.000,0.000,NaN,NaN,NaN,NaN,NaN,NaN,NaN,NaN,NaN,NaN,0,0,NaN,NaN,NaN,NaN,NaN,NaN,NaN,NaN,NaN,NaN,NaN
84012,N,0.000,0.000,0.000,NaN,NaN,NaN,NaN,NaN,NaN,NaN,NaN,NaN,NaN,1,1634,2.11,0.01,0.00,0.00,0.00,0.00,0.00,0.00,100.00,NaN,NaN
84013,N,0.000,0.000,0.000,NaN,NaN,NaN,NaN,NaN,NaN,NaN,NaN,NaN,NaN,4,4.042248e+04,5.06,0.02,0.00,0.00,0.00,85.48,0.00,0.00,14.52,1930,1956
84014,N,0.000,0.000,0.000,NaN,NaN,NaN,NaN,NaN,NaN,NaN,NaN,NaN,NaN,0,0,NaN,NaN,NaN,NaN,NaN,NaN,NaN,NaN,NaN,NaN,NaN
84016,N,NaN,NaN,NaN,NaN,NaN,NaN,NaN,NaN,NaN,NaN,NaN,NaN,NaN,0,0,NaN,NaN,NaN,NaN,NaN,NaN,NaN,NaN,NaN,NaN,NaN
84017,N,0.000,0.000,0.000,NaN,NaN,NaN,NaN,NaN,NaN,NaN,NaN,NaN,NaN,0,0,NaN,NaN,NaN,NaN,NaN,NaN,NaN,NaN,NaN,NaN,NaN
84018,N,0.000,0.000,0.000,NaN,NaN,NaN,NaN,NaN,NaN,NaN,NaN,NaN,NaN,3,3.673449e+04,8.54,0.03,0.00,0.00,0.00,94.06,0.00,0.00,5.94,1930,1956
84019,N,0.000,0.000,0.000,NaN,NaN,NaN,NaN,NaN,NaN,NaN,NaN,NaN,NaN,1,3.687988e+03,12.45,0.03,0.00,0.00,0.00,0.00,0.00,0.00,100.00,NaN,NaN
84020,N,NaN,NaN,NaN,NaN,NaN,NaN,NaN,NaN,NaN,NaN,NaN,NaN,NaN,0,0,NaN,NaN,NaN,NaN,NaN,NaN,NaN,NaN,NaN,NaN,NaN
84022,Y,0.000,0.000,0.000,NaN,NaN,NaN,NaN,NaN,NaN,NaN,NaN,NaN,NaN,0,0,NaN,NaN,NaN,NaN,NaN,NaN,NaN,NaN,NaN,NaN,NaN
84026,N,NaN,NaN,NaN,NaN,NaN,NaN,NaN,NaN,NaN,NaN,NaN,NaN,NaN,0,0,NaN,NaN,NaN,NaN,NaN,NaN,NaN,NaN,NaN,NaN,NaN
84030,N,0.000,0.000,0.000,NaN,NaN,NaN,NaN,NaN,NaN,NaN,NaN,NaN,NaN,1,1634,4.56,0.01,0.00,0.00,0.00,0.00,0.00,0.00,100.00,NaN,NaN
85001,N,NaN,NaN,NaN,NaN,NaN,NaN,NaN,NaN,NaN,NaN,NaN,NaN,NaN,4,1.809749e+05,99.97,0.10,19.89,0.00,0.00,6.79,0.00,0.00,73.32,1914,1951
85002,N,NaN,NaN,NaN,NaN,NaN,NaN,NaN,NaN,NaN,NaN,NaN,NaN,NaN,1,3.691918e+03,1.45,0.01,0.00,0.00,0.00,0.00,0.00,0.00,100.00,NaN,NaN
85003,Y,NaN,NaN,NaN,NaN,NaN,NaN,NaN,NaN,NaN,NaN,NaN,NaN,NaN,0,0,NaN,NaN,NaN,NaN,NaN,NaN,NaN,NaN,NaN,NaN,NaN
85004,N,NaN,NaN,NaN,NaN,NaN,NaN,NaN,NaN,NaN,NaN,NaN,NaN,NaN,0,0,NaN,NaN,NaN,NaN,NaN,NaN,NaN,NaN,NaN,NaN,NaN
88001,N,0.000,0.000,0.000,NaN,NaN,NaN,NaN,NaN,NaN,NaN,NaN,NaN,NaN,0,0,NaN,NaN,NaN,NaN,NaN,NaN,NaN,NaN,NaN,NaN,NaN
89002,N,NaN,NaN,NaN,NaN,NaN,NaN,NaN,NaN,NaN,NaN,NaN,NaN,NaN,0,0,NaN,NaN,NaN,NaN,NaN,NaN,NaN,NaN,NaN,NaN,NaN
89003,N,NaN,NaN,NaN,NaN,NaN,NaN,NaN,NaN,NaN,NaN,NaN,NaN,NaN,0,0,NaN,NaN,NaN,NaN,NaN,NaN,NaN,NaN,NaN,NaN,NaN
89005,N,NaN,NaN,NaN,NaN,NaN,NaN,NaN,NaN,NaN,NaN,NaN,NaN,NaN,0,0,NaN,NaN,NaN,NaN,NaN,NaN,NaN,NaN,NaN,NaN,NaN
89007,N,NaN,NaN,NaN,NaN,NaN,NaN,NaN,NaN,NaN,NaN,NaN,NaN,NaN,0,0,NaN,NaN,NaN,NaN,NaN,NaN,NaN,NaN,NaN,NaN,NaN
90003,Y,NaN,NaN,NaN,NaN,NaN,NaN,NaN,NaN,NaN,NaN,NaN,NaN,NaN,0,0,NaN,NaN,NaN,NaN,NaN,NaN,NaN,NaN,NaN,NaN,NaN
9002,N,NaN,NaN,NaN,NaN,NaN,NaN,NaN,NaN,NaN,NaN,NaN,NaN,NaN,0,0,NaN,NaN,NaN,NaN,NaN,NaN,NaN,NaN,NaN,NaN,NaN
9003,N,NaN,NaN,NaN,NaN,NaN,NaN,NaN,NaN,NaN,NaN,NaN,NaN,NaN,0,0,NaN,NaN,NaN,NaN,NaN,NaN,NaN,NaN,NaN,NaN,NaN
9004,N,NaN,NaN,NaN,NaN,NaN,NaN,NaN,NaN,NaN,NaN,NaN,NaN,NaN,0,0,NaN,NaN,NaN,NaN,NaN,NaN,NaN,NaN,NaN,NaN,NaN
9005,N,NaN,NaN,NaN,NaN,NaN,NaN,NaN,NaN,NaN,NaN,NaN,NaN,NaN,0,0,NaN,NaN,NaN,NaN,NaN,NaN,NaN,NaN,NaN,NaN,NaN
92001,N,NaN,NaN,NaN,NaN,NaN,NaN,NaN,NaN,NaN,NaN,NaN,NaN,NaN,0,0,NaN,NaN,NaN,NaN,NaN,NaN,NaN,NaN,NaN,NaN,NaN
93001,Y,NaN,NaN,NaN,NaN,NaN,NaN,NaN,NaN,NaN,NaN,NaN,NaN,NaN,0,0,NaN,NaN,NaN,NaN,NaN,NaN,NaN,NaN,NaN,NaN,NaN
94001,Y,NaN,NaN,NaN,NaN,NaN,NaN,NaN,NaN,NaN,NaN,NaN,NaN,NaN,0,0,NaN,NaN,NaN,NaN,NaN,NaN,NaN,NaN,NaN,NaN,NaN
95001,Y,NaN,NaN,NaN,NaN,NaN,NaN,NaN,NaN,NaN,NaN,NaN,NaN,NaN,0,0,NaN,NaN,NaN,NaN,NaN,NaN,NaN,NaN,NaN,NaN,NaN
96001,N,NaN,NaN,NaN,NaN,NaN,NaN,NaN,NaN,NaN,NaN,NaN,NaN,NaN,0,0,NaN,NaN,NaN,NaN,NaN,NaN,NaN,NaN,NaN,NaN,NaN
96002,Y,NaN,NaN,NaN,NaN,NaN,NaN,NaN,NaN,NaN,NaN,NaN,NaN,NaN,0,0,NaN,NaN,NaN,NaN,NaN,NaN,NaN,NaN,NaN,NaN,NaN
96004,N,NaN,NaN,NaN,NaN,NaN,NaN,NaN,NaN,NaN,NaN,NaN,NaN,NaN,0,0,NaN,NaN,NaN,NaN,NaN,NaN,NaN,NaN,NaN,NaN,NaN
97002,N,NaN,NaN,NaN,NaN,NaN,NaN,NaN,NaN,NaN,NaN,NaN,NaN,NaN,1,5160,49.67,0.01,0.00,0.00,0.00,0.00,0.00,0.00,100.00,NaN,NaN
